fact_key,time_key,location_key,organization_key,resource_type_key,disaster_key,quantity_delivered,beneficiaries_reached,delivery_cost_bdt
1,20071115,2,2,6,1,741.3,1023,23020.26
2,20071115,2,2,1,1,378.8,446,8084.19
3,20071115,2,2,2,1,2790.5,3738,51155.47
4,20071115,2,6,6,1,3405.1,3000,183329.41
5,20071115,2,6,2,1,417.4,424,12368.92
6,20071115,2,6,5,1,3880.3,4835,213123.82
7,20071115,2,3,4,1,719.2,958,28953.18
8,20071115,2,3,3,1,1727.8,1979,66560.0
9,20071117,2,6,2,1,1225.5,1007,53478.94
10,20071117,2,5,3,1,1618.8,1871,90394.59
11,20071117,2,2,3,1,1087.3,1043,20076.01
12,20071117,2,2,1,1,392.9,358,22331.02
13,20071117,2,3,5,1,2445.9,3332,57223.43
14,20071119,2,3,4,1,3423.5,4031,175744.71
15,20071119,2,3,2,1,1216.7,1167,41635.29
16,20071119,2,3,3,1,2525.7,3542,38675.65
17,20071119,2,2,2,1,48.6,42,1467.36
18,20071119,2,4,5,1,2018.1,2071,77385.21
19,20071119,2,4,6,1,676.1,996,17801.85
20,20071119,2,4,3,1,3950.2,3992,109885.96
21,20071119,2,5,5,1,1688.8,1411,46508.02
22,20071119,2,5,4,1,1094.7,1059,23558.24
23,20071119,2,5,6,1,2009.9,2553,99033.57
24,20071121,2,2,1,1,1417.8,1856,44731.93
25,20071121,2,2,6,1,3609.2,3115,189802.82
26,20071121,2,7,2,1,3582.9,3334,60317.7
27,20071121,2,5,2,1,4263.5,4939,107407.41
28,20071121,2,5,4,1,2624.8,2420,120982.8
29,20071121,2,5,1,1,2227.0,2313,44776.75
30,20071123,2,4,3,1,1135.9,1606,30223.32
31,20071123,2,4,5,1,2639.7,3090,68324.29
32,20071123,2,4,1,1,1891.0,2700,104986.07
33,20071123,2,5,6,1,319.8,418,17707.31
34,20071123,2,5,1,1,2883.4,3880,126556.53
35,20071123,2,5,3,1,1529.7,1332,68618.64
36,20071123,2,7,3,1,2335.8,2131,92714.96
37,20071123,2,7,1,1,2648.5,3439,68003.44
38,20071123,2,7,6,1,3119.1,4125,137968.65
39,20071125,2,2,6,1,1577.0,1365,49749.95
40,20071125,2,2,3,1,2216.0,2151,130268.61
41,20071125,2,2,2,1,2131.7,2891,80191.72
42,20071125,2,4,1,1,953.1,1091,22670.37
43,20071125,2,4,3,1,489.6,612,11246.1
44,20071125,2,4,2,1,2267.0,3327,127334.89
45,20071125,2,1,3,1,1046.8,1543,55883.86
46,20071127,2,5,5,1,1721.4,1841,91752.6
47,20071127,2,7,4,1,448.7,652,20784.39
48,20071127,2,7,1,1,665.1,577,28383.36
49,20071129,2,3,1,1,1821.1,2345,84884.72
50,20071129,2,7,5,1,918.3,923,47220.14
51,20071201,2,1,1,1,937.3,1085,35212.71
52,20071201,2,1,5,1,905.8,1136,42199.87
53,20071201,2,6,2,1,889.5,945,17104.36
54,20071203,2,4,5,1,698.4,576,25108.81
55,20071203,2,4,4,1,95.3,78,1589.67
56,20071203,2,4,2,1,796.3,837,16497.52
57,20071203,2,5,6,1,1687.3,2085,31789.8
58,20071203,2,5,2,1,674.0,789,26507.46
59,20071203,2,5,3,1,1510.4,1754,44606.71
60,20071203,2,2,6,1,1093.4,1082,37999.71
61,20071203,2,2,3,1,313.7,285,8238.05
62,20071203,2,3,5,1,1783.1,2318,79720.41
63,20071203,2,3,4,1,807.7,883,21119.65
64,20071205,2,2,3,1,1379.4,1835,21584.45
65,20071205,2,7,5,1,393.2,449,14275.61
66,20071207,2,2,6,1,1196.7,1320,39410.58
67,20071207,2,5,1,1,1002.7,1065,43280.24
68,20071207,2,5,2,1,885.5,1239,39529.79
69,20071207,2,5,6,1,312.1,455,12763.75
70,20071207,2,7,3,1,384.2,480,13685.73
71,20071207,2,1,5,1,598.4,881,33355.28
72,20071209,2,3,2,1,387.2,328,7563.96
73,20071209,2,3,5,1,245.1,341,3933.18
74,20071209,2,6,6,1,428.8,427,8712.11
75,20071211,2,5,2,1,709.0,932,36270.06
76,20071211,2,5,1,1,953.3,881,46499.75
77,20071211,2,4,6,1,57.2,59,3253.77
78,20071211,2,2,3,1,117.8,129,5747.37
79,20071211,2,2,4,1,262.6,302,13705.25
80,20071211,2,6,4,1,446.1,636,14504.53
81,20071211,2,6,1,1,294.9,432,12033.31
82,20071115,4,3,5,1,1840.8,2690,97993.39
83,20071115,4,3,2,1,1900.9,2120,39561.86
84,20071115,4,3,1,1,2009.5,2552,86038.29
85,20071115,4,1,1,1,2665.2,2344,120522.46
86,20071115,4,1,2,1,5036.1,7033,200617.11
87,20071115,4,1,6,1,2002.6,2830,66399.67
88,20071115,4,6,1,1,2911.0,2762,61528.98
89,20071115,4,6,2,1,4544.6,4750,188811.3
90,20071115,4,6,4,1,614.1,640,23415.34
91,20071115,4,4,5,1,194.6,209,8366.61
92,20071117,4,5,5,1,298.4,443,11090.88
93,20071117,4,7,4,1,1625.5,2021,41948.55
94,20071119,4,5,2,1,2048.5,2134,113395.7
95,20071119,4,5,3,1,678.3,859,15434.31
96,20071119,4,7,3,1,1004.1,865,20512.37
97,20071119,4,6,2,1,785.5,741,24658.53
98,20071119,4,6,3,1,5348.1,7271,231334.83
99,20071119,4,3,3,1,1604.8,2265,90573.72
100,20071119,4,3,1,1,1429.7,1892,33316.94
101,20071121,4,4,1,1,1195.5,1266,43998.63
102,20071121,4,4,6,1,321.7,425,5356.54
103,20071121,4,4,2,1,3531.2,4588,195219.95
104,20071121,4,5,3,1,8246.4,9179,321343.88
105,20071121,4,5,2,1,3054.4,3019,97672.95
106,20071121,4,5,6,1,824.4,1173,34387.09
107,20071123,4,2,2,1,483.0,653,18078.64
108,20071123,4,2,4,1,1369.0,1809,47127.39
109,20071123,4,3,6,1,606.6,605,19010.06
110,20071123,4,3,3,1,2454.7,3658,103735.3
111,20071123,4,3,1,1,4293.6,3740,93938.22
112,20071125,4,7,3,1,664.8,664,15158.64
113,20071125,4,5,1,1,771.3,660,29774.5
114,20071125,4,3,5,1,1413.4,1524,82862.23
115,20071125,4,3,2,1,1110.0,1522,29532.25
116,20071125,4,3,3,1,1662.6,1978,67705.35
117,20071125,4,1,5,1,482.3,645,11294.0
118,20071125,4,1,2,1,597.5,579,12050.18
119,20071127,4,3,1,1,155.1,155,6383.25
120,20071127,4,3,6,1,967.3,808,29161.38
121,20071127,4,2,4,1,330.7,279,19692.59
122,20071127,4,2,3,1,2036.6,2600,100221.6
123,20071127,4,2,1,1,627.8,709,21051.92
124,20071127,4,7,3,1,1545.0,2279,31816.76
125,20071127,4,4,6,1,866.6,1262,20066.55
126,20071129,4,2,6,1,943.3,1310,20082.63
127,20071129,4,2,4,1,780.5,734,17455.51
128,20071129,4,2,1,1,1180.8,1376,36778.82
129,20071129,4,6,1,1,625.0,671,32341.86
130,20071129,4,4,2,1,93.9,94,4567.52
131,20071129,4,4,5,1,357.3,343,19823.31
132,20071129,4,4,1,1,1579.9,1954,32009.42
133,20071201,4,5,2,1,176.5,239,7572.43
134,20071201,4,5,1,1,1623.3,2314,81955.34
135,20071201,4,7,3,1,511.4,675,8442.68
136,20071201,4,7,1,1,355.2,473,19342.22
137,20071201,4,2,2,1,1522.4,2119,31569.99
138,20071201,4,2,6,1,489.0,664,10633.93
139,20071203,4,1,6,1,1044.0,1303,48261.7
140,20071203,4,1,2,1,270.3,263,8259.37
141,20071203,4,1,5,1,96.6,141,2115.62
142,20071203,4,3,2,1,1628.1,1879,69219.39
143,20071203,4,5,1,1,664.4,960,31111.02
144,20071203,4,5,2,1,1023.1,1231,43279.36
145,20071203,4,4,3,1,1718.0,2487,60624.39
146,20071203,4,4,4,1,399.7,595,21084.34
147,20071203,4,4,2,1,637.9,688,11140.46
148,20071205,4,2,1,1,1002.7,1365,15249.5
149,20071205,4,2,4,1,191.6,276,5860.2
150,20071205,4,6,2,1,89.3,117,3156.74
151,20071205,4,1,3,1,386.0,356,14446.65
152,20071205,4,1,6,1,108.9,156,3409.41
153,20071207,4,2,2,1,1182.4,1495,27208.94
154,20071207,4,2,4,1,788.7,713,26546.13
155,20071207,4,2,3,1,1690.7,2240,41330.43
156,20071207,4,1,1,1,383.7,362,9048.01
157,20071207,4,1,3,1,357.4,302,17833.81
158,20071209,4,6,5,1,233.0,271,8116.4
159,20071209,4,6,3,1,846.7,785,45535.82
160,20071209,4,6,1,1,94.6,102,1527.07
161,20071209,4,5,3,1,187.1,243,8354.31
162,20071209,4,4,5,1,612.2,534,31219.89
163,20071211,4,1,3,1,130.4,163,3353.66
164,20071211,4,1,6,1,302.6,423,15844.1
165,20071211,4,7,5,1,270.2,342,6545.4
166,20071211,4,7,6,1,562.2,483,13692.31
167,20071211,4,5,4,1,285.6,264,11777.25
168,20071115,6,6,2,1,231.6,286,12707.66
169,20071115,6,4,6,1,507.1,714,8091.86
170,20071115,6,4,1,1,2796.8,3272,160139.3
171,20071115,6,4,5,1,4176.7,4744,180591.09
172,20071115,6,7,2,1,1024.0,1524,50762.04
173,20071115,6,7,6,1,332.0,321,6630.48
174,20071115,6,5,5,1,298.3,298,8451.99
175,20071115,6,5,4,1,230.2,219,13293.65
176,20071115,6,5,1,1,597.7,515,20196.96
177,20071117,6,2,6,1,6905.8,10316,175581.53
178,20071117,6,2,5,1,965.7,1211,40895.61
179,20071117,6,1,5,1,356.9,340,8347.79
180,20071117,6,1,3,1,1796.7,1877,31627.17
181,20071117,6,1,4,1,1252.4,1612,27459.27
182,20071117,6,4,6,1,574.8,550,14411.27
183,20071117,6,4,5,1,7066.8,6106,385039.82
184,20071117,6,4,4,1,3253.4,2897,178916.39
185,20071117,6,7,4,1,2517.2,2167,84025.13
186,20071117,6,7,2,1,3558.2,3493,169206.31
187,20071117,6,7,6,1,814.5,1041,15007.89
188,20071119,6,3,4,1,1551.7,1779,56833.18
189,20071119,6,3,2,1,3521.3,4488,142464.54
190,20071119,6,3,3,1,2014.7,2850,102516.34
191,20071119,6,2,1,1,2984.1,3866,157159.42
192,20071119,6,2,3,1,2129.4,2717,91218.2
193,20071119,6,7,3,1,900.7,1270,14695.94
194,20071121,6,3,2,1,2025.3,1802,60921.73
195,20071121,6,5,4,1,791.9,1094,29962.37
196,20071121,6,1,2,1,2045.5,2047,87469.08
197,20071121,6,1,6,1,1453.3,1807,57113.73
198,20071121,6,1,1,1,1527.6,1336,75228.58
199,20071123,6,4,4,1,1905.9,2368,108524.36
200,20071123,6,4,1,1,1338.6,1949,61515.17
201,20071123,6,3,4,1,1112.7,942,45840.65
202,20071123,6,5,5,1,926.5,1143,15804.6
203,20071123,6,5,1,1,1692.8,1380,50043.33
204,20071125,6,4,4,1,745.1,997,34087.05
205,20071125,6,4,6,1,827.7,923,18509.91
206,20071125,6,7,6,1,1836.8,1575,83799.35
207,20071125,6,7,5,1,2281.3,2261,131833.73
208,20071125,6,7,2,1,966.7,1057,42277.34
209,20071125,6,1,2,1,402.5,399,23859.8
210,20071125,6,1,3,1,2157.7,2048,35388.51
211,20071125,6,3,4,1,979.3,1036,52780.47
212,20071125,6,3,1,1,1667.9,2348,83306.37
213,20071127,6,3,2,1,995.9,1385,49044.17
214,20071127,6,3,4,1,440.4,636,18826.78
215,20071127,6,3,6,1,1295.4,1472,26269.25
216,20071127,6,6,5,1,1343.9,1263,49887.93
217,20071127,6,6,1,1,530.2,640,14370.91
218,20071127,6,6,4,1,595.4,481,10872.07
219,20071127,6,4,5,1,2023.4,2298,84984.67
220,20071127,6,4,1,1,2058.2,2770,34542.46
221,20071127,6,4,6,1,376.4,328,9745.76
222,20071129,6,4,3,1,3754.3,4474,57965.22
223,20071129,6,2,3,1,867.4,1008,16440.69
224,20071129,6,2,2,1,711.2,766,14915.43
225,20071129,6,7,3,1,825.1,1058,42101.88
226,20071129,6,7,6,1,586.5,730,27443.16
227,20071129,6,6,3,1,612.1,890,10613.02
228,20071129,6,6,4,1,2791.7,3628,142593.79
229,20071201,6,7,6,1,973.7,1334,18115.85
230,20071201,6,1,1,1,815.2,910,35837.0
231,20071201,6,1,3,1,1442.5,1892,26936.31
232,20071201,6,1,2,1,294.9,371,11034.81
233,20071201,6,4,1,1,480.6,626,12149.79
234,20071201,6,4,6,1,266.0,226,4356.91
235,20071201,6,4,5,1,1123.3,1262,60739.37
236,20071203,6,2,2,1,1167.6,1216,37009.12
237,20071203,6,2,6,1,1124.6,931,60746.86
238,20071203,6,2,5,1,129.9,148,7054.1
239,20071203,6,1,6,1,2132.8,2335,58560.82
240,20071203,6,1,1,1,1073.8,1327,46624.62
241,20071205,6,2,5,1,544.4,485,25702.28
242,20071205,6,4,6,1,604.8,588,32770.33
243,20071205,6,4,1,1,375.9,436,11715.11
244,20071205,6,4,2,1,164.2,242,4370.35
245,20071205,6,3,1,1,602.8,619,30023.23
246,20071205,6,3,5,1,101.8,93,3908.08
247,20071205,6,5,3,1,381.9,527,13133.52
248,20071207,6,6,5,1,583.6,535,13156.02
249,20071207,6,4,6,1,96.4,126,4325.58
250,20071207,6,4,2,1,831.1,1005,44939.41
251,20071207,6,4,1,1,341.8,300,9276.02
252,20071207,6,7,3,1,380.6,314,7800.38
253,20071207,6,7,5,1,204.0,296,5962.31
254,20071207,6,7,1,1,223.6,333,13065.02
255,20071207,6,2,1,1,369.3,541,16160.71
256,20071207,6,2,3,1,330.0,376,14852.93
257,20071207,6,2,4,1,769.6,631,22208.23
258,20071209,6,3,4,1,159.5,235,3066.47
259,20071209,6,1,1,1,581.8,646,31455.83
260,20071209,6,1,4,1,545.1,796,24936.23
261,20071209,6,5,6,1,163.0,200,8818.42
262,20071209,6,5,4,1,253.4,325,11515.28
263,20071209,6,7,2,1,386.2,487,12637.97
264,20071209,6,7,4,1,188.3,282,3233.02
265,20071209,6,7,6,1,457.5,496,24789.14
266,20071211,6,5,4,1,472.2,668,15670.58
267,20071211,6,5,5,1,944.0,1196,48477.3
268,20071211,6,6,3,1,612.1,840,12492.6
269,20071211,6,6,2,1,578.4,465,17124.32
270,20071211,6,3,3,1,110.3,118,3881.59
271,20071211,6,4,2,1,69.9,74,1763.38
272,20071211,6,4,4,1,417.0,514,14952.47
273,20071115,30,5,2,1,4404.0,6381,112561.37
274,20071115,30,5,3,1,592.9,537,35373.46
275,20071115,30,3,3,1,1939.0,2258,83495.97
276,20071115,30,1,6,1,3179.2,4224,65959.2
277,20071115,30,2,2,1,2645.8,2183,75777.77
278,20071115,30,2,3,1,2791.0,2936,52872.49
279,20071115,30,2,1,1,1960.0,2112,68843.26
280,20071117,30,5,2,1,2809.2,3261,158362.02
281,20071117,30,5,4,1,2049.9,1939,116591.72
282,20071117,30,5,1,1,1695.5,2326,54473.11
283,20071117,30,3,5,1,2560.0,2193,84823.32
284,20071119,30,4,2,1,2405.2,3094,73537.76
285,20071119,30,4,1,1,1623.7,1449,87339.88
286,20071119,30,7,4,1,1777.2,2027,75142.47
287,20071119,30,7,1,1,899.7,970,19421.67
288,20071119,30,6,4,1,2294.1,1944,37076.18
289,20071121,30,1,2,1,2063.5,2101,77951.57
290,20071121,30,5,3,1,1486.4,1299,65159.59
291,20071121,30,5,1,1,2109.6,1912,37468.04
292,20071121,30,5,2,1,426.7,478,7517.33
293,20071121,30,7,5,1,889.6,900,17389.07
294,20071123,30,5,5,1,921.5,777,34946.96
295,20071123,30,7,4,1,284.1,332,9708.76
296,20071123,30,7,6,1,2433.6,3457,85760.82
297,20071123,30,6,5,1,846.8,1167,40657.11
298,20071123,30,6,4,1,438.0,353,14772.4
299,20071125,30,5,6,1,838.4,1116,17748.87
300,20071125,30,5,1,1,1140.8,1084,17734.23
301,20071125,30,5,2,1,474.1,530,25125.44
302,20071125,30,7,2,1,1126.9,1286,24512.54
303,20071125,30,7,3,1,2545.6,2706,83372.05
304,20071125,30,7,1,1,541.9,731,29882.43
305,20071125,30,1,2,1,2506.6,2452,132446.79
306,20071127,30,5,1,1,365.5,523,13072.65
307,20071127,30,1,4,1,2585.9,3221,110229.19
308,20071127,30,1,5,1,2308.5,2684,50227.43
309,20071129,30,3,6,1,944.7,783,17775.14
310,20071129,30,3,3,1,2661.4,2263,48454.92
311,20071129,30,1,4,1,439.9,459,21933.15
312,20071129,30,1,1,1,2101.9,1954,47996.72
313,20071129,30,1,2,1,1090.3,1074,17382.13
314,20071129,30,2,6,1,481.8,711,13632.54
315,20071129,30,2,5,1,1366.3,1289,27957.76
316,20071201,30,7,2,1,1791.3,2404,78773.66
317,20071201,30,7,6,1,457.7,622,12896.61
318,20071201,30,7,3,1,769.5,939,31710.34
319,20071201,30,2,1,1,1266.8,1127,38285.28
320,20071201,30,4,2,1,1145.5,1096,36366.78
321,20071201,30,1,5,1,125.2,182,3234.06
322,20071201,30,1,6,1,91.7,86,5035.4
323,20071203,30,4,3,1,170.8,239,9068.31
324,20071203,30,4,4,1,1153.2,1126,56480.15
325,20071203,30,4,6,1,1384.5,1860,61648.02
326,20071203,30,1,5,1,547.2,646,32454.51
327,20071203,30,1,4,1,567.5,778,13965.05
328,20071203,30,1,6,1,571.3,793,27408.73
329,20071203,30,7,5,1,2474.9,2495,100050.28
330,20071205,30,4,5,1,991.4,1399,43257.87
331,20071205,30,4,3,1,281.0,226,7334.25
332,20071205,30,6,1,1,674.0,1007,13118.07
333,20071207,30,6,1,1,867.6,1031,41634.57
334,20071207,30,6,3,1,259.2,241,8033.21
335,20071207,30,6,6,1,451.4,601,7488.28
336,20071207,30,5,4,1,954.5,898,55469.15
337,20071209,30,6,4,1,89.8,91,4889.55
338,20071209,30,6,6,1,180.1,255,7507.83
339,20071209,30,6,1,1,35.5,38,1643.75
340,20071209,30,4,3,1,807.8,978,29600.85
341,20071209,30,4,4,1,226.8,191,9321.31
342,20071209,30,3,3,1,1190.1,1515,60962.28
343,20071209,30,3,1,1,1205.9,1661,45126.59
344,20071209,30,2,3,1,783.7,1059,29997.77
345,20071211,30,6,4,1,211.4,190,6293.1
346,20071211,30,6,5,1,175.5,213,8442.4
347,20071211,30,6,1,1,329.6,478,14474.53
348,20071211,30,4,1,1,1190.4,1050,39813.79
349,20071211,30,4,3,1,138.0,147,5621.33
350,20071211,30,3,3,1,113.5,117,1836.3
351,20071211,30,3,1,1,474.9,656,12959.16
352,20090525,28,5,5,2,1394.5,1255,68196.99
353,20090525,28,5,6,2,1212.9,1529,60008.49
354,20090525,28,5,3,2,1081.4,1234,19999.65
355,20090525,28,1,1,2,1732.6,1879,31135.59
356,20090525,28,1,4,2,419.3,613,7654.0
357,20090525,28,1,3,2,649.9,757,18509.45
358,20090527,28,7,3,2,772.3,1000,13330.03
359,20090527,28,7,6,2,379.0,410,10721.18
360,20090527,28,7,1,2,397.2,576,13198.81
361,20090527,28,4,5,2,335.1,343,12210.93
362,20090527,28,4,2,2,1217.1,1487,37853.8
363,20090527,28,4,6,2,242.6,214,13340.49
364,20090527,28,1,4,2,886.8,753,40542.52
365,20090527,28,1,2,2,1361.5,1855,54272.85
366,20090527,28,1,1,2,323.7,291,16149.58
367,20090527,28,3,5,2,756.4,675,32774.88
368,20090527,28,3,3,2,123.7,163,3623.35
369,20090529,28,7,2,2,710.0,705,33237.9
370,20090529,28,7,4,2,704.8,977,10693.15
371,20090529,28,7,1,2,1267.1,1104,39546.86
372,20090529,28,3,6,2,331.9,461,9658.51
373,20090529,28,3,3,2,864.3,1241,27639.72
374,20090529,28,3,1,2,821.7,708,37729.07
375,20090531,28,3,3,2,32.9,42,499.96
376,20090531,28,3,6,2,583.0,757,26227.62
377,20090531,28,6,2,2,693.7,606,34811.3
378,20090602,28,5,1,2,680.7,567,21239.39
379,20090602,28,5,2,2,586.7,657,14315.32
380,20090602,28,6,6,2,904.1,957,15691.54
381,20090602,28,6,1,2,403.7,563,9906.69
382,20090602,28,6,5,2,1524.5,1723,83248.45
383,20090604,28,5,3,2,847.1,852,17913.66
384,20090604,28,5,2,2,198.5,261,5796.84
385,20090604,28,2,3,2,174.5,163,9607.91
386,20090604,28,2,6,2,1515.5,1602,26694.23
387,20090604,28,4,5,2,541.5,749,8480.54
388,20090604,28,4,1,2,213.7,221,3391.36
389,20090604,28,4,6,2,437.2,473,17003.67
390,20090604,28,7,2,2,215.4,173,7729.47
391,20090606,28,1,6,2,471.1,479,23474.73
392,20090606,28,1,4,2,688.2,801,40549.17
393,20090606,28,6,5,2,748.6,738,11820.29
394,20090606,28,6,4,2,709.3,951,27172.02
395,20090606,28,7,3,2,145.6,147,6419.6
396,20090606,28,7,2,2,527.9,591,17373.31
397,20090606,28,3,1,2,556.1,470,14052.98
398,20090606,28,3,3,2,426.9,483,7514.72
399,20090606,28,3,4,2,470.5,401,14799.88
400,20090608,28,3,5,2,477.3,447,10183.74
401,20090608,28,3,4,2,945.9,854,48714.39
402,20090608,28,3,3,2,600.7,643,27233.25
403,20090608,28,6,2,2,198.3,198,7168.44
404,20090610,28,5,3,2,104.6,135,1861.79
405,20090610,28,1,2,2,163.8,240,6361.12
406,20090610,28,6,3,2,1238.8,1425,56468.12
407,20090610,28,6,6,2,291.9,327,11558.06
408,20090612,28,1,4,2,207.7,172,4664.68
409,20090612,28,1,2,2,70.2,97,4152.59
410,20090612,28,1,5,2,224.3,313,5806.9
411,20090612,28,4,5,2,56.3,68,1029.65
412,20090612,28,4,2,2,389.6,579,9176.97
413,20090614,28,5,6,2,295.4,269,10770.43
414,20090614,28,5,1,2,219.3,213,9611.41
415,20090614,28,6,1,2,92.3,123,3456.66
416,20090614,28,6,4,2,305.1,246,9478.33
417,20090614,28,3,3,2,67.1,93,3207.3
418,20090614,28,1,4,2,333.8,367,5445.16
419,20090614,28,1,5,2,792.4,794,26072.06
420,20090614,28,1,6,2,177.3,265,3017.82
421,20090616,28,6,1,2,96.1,127,5413.24
422,20090616,28,6,3,2,402.1,484,12493.43
423,20090616,28,4,5,2,93.0,97,4143.0
424,20090616,28,3,6,2,291.0,271,16389.34
425,20090616,28,3,3,2,168.5,139,2800.61
426,20090616,28,1,4,2,71.4,100,1978.6
427,20090618,28,2,4,2,180.7,217,6912.03
428,20090618,28,2,5,2,254.1,253,7848.45
429,20090618,28,2,1,2,143.4,162,5361.62
430,20090618,28,4,3,2,316.2,383,7391.53
431,20090618,28,4,6,2,309.4,262,5601.79
432,20090620,28,3,5,2,118.0,136,3943.98
433,20090620,28,2,1,2,229.6,295,11411.24
434,20090620,28,2,5,2,224.5,203,12216.11
435,20090620,28,2,2,2,26.4,21,547.91
436,20090525,26,2,4,2,884.3,957,42627.53
437,20090525,26,2,5,2,483.5,521,13002.49
438,20090525,26,6,5,2,2484.9,2828,67301.08
439,20090525,26,6,2,2,1607.7,1965,29684.7
440,20090525,26,6,3,2,248.4,364,7049.12
441,20090527,26,3,6,2,895.7,1123,24213.54
442,20090527,26,3,5,2,380.7,561,10008.67
443,20090527,26,4,6,2,1723.7,1756,46883.49
444,20090527,26,6,3,2,1549.9,2179,89278.92
445,20090527,26,6,1,2,650.2,839,29652.39
446,20090527,26,6,6,2,949.1,769,39132.98
447,20090529,26,5,3,2,544.8,588,28760.58
448,20090529,26,5,6,2,139.1,176,8202.08
449,20090529,26,6,6,2,332.8,479,11491.9
450,20090529,26,6,5,2,635.2,701,30207.03
451,20090529,26,6,2,2,718.6,895,18605.27
452,20090531,26,1,3,2,605.6,523,14514.52
453,20090531,26,1,4,2,845.7,823,20845.06
454,20090531,26,5,5,2,977.1,951,17405.75
455,20090531,26,2,1,2,1936.3,2461,36115.31
456,20090531,26,2,3,2,508.6,705,26055.1
457,20090531,26,2,4,2,168.6,222,8127.58
458,20090602,26,7,6,2,685.4,581,21727.24
459,20090602,26,7,4,2,659.1,651,20814.51
460,20090602,26,7,3,2,1008.0,1276,50835.88
461,20090602,26,3,3,2,2196.0,2841,75195.56
462,20090602,26,2,2,2,307.3,385,17556.86
463,20090602,26,2,6,2,394.6,398,14844.22
464,20090602,26,1,4,2,93.4,106,5297.65
465,20090602,26,1,2,2,708.5,891,18924.49
466,20090604,26,2,3,2,386.2,352,7018.08
467,20090604,26,7,5,2,777.6,1065,35638.22
468,20090606,26,7,3,2,181.4,181,5249.95
469,20090606,26,7,5,2,499.6,524,15447.89
470,20090606,26,7,2,2,86.4,116,2492.71
471,20090606,26,6,4,2,161.7,235,8802.04
472,20090606,26,6,2,2,126.0,135,5027.61
473,20090606,26,6,5,2,120.4,153,6345.79
474,20090606,26,5,6,2,468.1,619,16273.25
475,20090606,26,1,2,2,169.4,156,7830.98
476,20090606,26,1,4,2,604.0,532,13552.43
477,20090606,26,1,1,2,504.3,432,7998.6
478,20090608,26,3,5,2,1224.4,1743,31674.2
479,20090608,26,3,3,2,204.4,237,8656.11
480,20090608,26,6,4,2,318.2,267,10372.2
481,20090608,26,6,2,2,213.0,262,8532.68
482,20090608,26,6,5,2,220.9,243,8690.37
483,20090608,26,2,4,2,842.2,968,28245.8
484,20090608,26,2,2,2,826.7,1026,32210.45
485,20090610,26,6,3,2,410.1,424,8787.58
486,20090610,26,6,4,2,151.0,142,4927.68
487,20090610,26,5,5,2,305.9,334,4837.99
488,20090610,26,5,4,2,388.1,329,14104.13
489,20090610,26,5,2,2,1201.2,1173,18557.39
490,20090610,26,4,5,2,659.1,774,34685.33
491,20090612,26,7,6,2,363.0,375,18375.1
492,20090612,26,3,3,2,357.1,331,19095.51
493,20090612,26,3,5,2,258.8,277,13240.0
494,20090614,26,6,3,2,436.6,411,7864.83
495,20090614,26,5,2,2,173.1,255,3115.01
496,20090616,26,4,1,2,320.0,272,10206.75
497,20090616,26,4,2,2,131.4,156,3870.03
498,20090616,26,5,3,2,407.9,426,12956.53
499,20090616,26,5,1,2,143.7,187,6402.24
500,20090616,26,2,1,2,99.0,79,2454.71
501,20090616,26,2,4,2,141.1,192,7023.45
502,20090618,26,3,2,2,614.5,520,30413.56
503,20090618,26,3,1,2,419.8,571,16082.69
504,20090618,26,2,1,2,226.1,287,9704.51
505,20090618,26,2,3,2,89.9,127,4382.54
506,20090618,26,4,2,2,244.7,325,10246.08
507,20090618,26,1,3,2,289.8,360,6387.61
508,20090620,26,6,5,2,210.1,273,5713.13
509,20090620,26,6,1,2,97.8,92,3336.77
510,20090620,26,2,1,2,67.5,77,1583.31
511,20090620,26,4,2,2,197.0,270,8801.56
512,20090620,26,4,6,2,112.1,111,5174.1
513,20090525,30,6,3,2,180.1,165,3895.09
514,20090525,30,4,1,2,794.1,1079,23570.02
515,20090527,30,1,5,2,1095.1,1054,22817.02
516,20090527,30,1,4,2,396.8,334,9710.81
517,20090527,30,3,4,2,227.3,205,6914.25
518,20090527,30,3,3,2,753.0,899,38531.93
519,20090527,30,3,1,2,367.5,443,13872.35
520,20090529,30,2,3,2,920.1,1050,17207.94
521,20090529,30,2,6,2,288.5,292,15004.06
522,20090529,30,2,1,2,647.6,846,26449.89
523,20090529,30,3,4,2,414.6,557,22305.12
524,20090529,30,3,6,2,949.2,1416,52232.93
525,20090529,30,6,4,2,90.0,84,3332.04
526,20090529,30,6,6,2,681.4,944,21302.72
527,20090529,30,6,3,2,2119.7,2299,63104.51
528,20090529,30,1,4,2,1962.7,1840,113473.53
529,20090531,30,4,6,2,520.1,622,21360.07
530,20090531,30,3,1,2,2522.1,2993,80071.12
531,20090531,30,3,4,2,571.5,513,23254.04
532,20090531,30,5,2,2,395.2,366,20612.44
533,20090531,30,5,5,2,312.1,452,18303.63
534,20090531,30,5,3,2,236.6,321,7460.61
535,20090531,30,6,1,2,765.3,910,40584.19
536,20090531,30,6,6,2,416.4,397,10334.77
537,20090602,30,6,5,2,834.8,813,22411.15
538,20090602,30,6,4,2,864.4,783,30793.87
539,20090602,30,3,6,2,1340.6,1160,49435.79
540,20090602,30,7,3,2,255.6,367,9217.73
541,20090602,30,7,4,2,332.4,442,7296.89
542,20090604,30,6,4,2,346.7,464,11407.8
543,20090604,30,6,3,2,383.2,361,11618.06
544,20090604,30,6,1,2,696.2,856,38971.37
545,20090604,30,3,6,2,759.6,626,30233.75
546,20090606,30,4,2,2,3780.6,5245,84044.94
547,20090606,30,3,6,2,446.8,372,21270.77
548,20090606,30,3,4,2,326.9,400,9037.88
549,20090606,30,3,1,2,329.2,353,16059.9
550,20090606,30,5,1,2,164.5,220,4221.4
551,20090606,30,2,6,2,754.9,808,13571.16
552,20090608,30,3,5,2,1293.6,1783,49949.91
553,20090608,30,4,6,2,216.7,177,12626.49
554,20090608,30,5,3,2,680.2,988,18329.58
555,20090608,30,5,6,2,1118.7,1559,64462.03
556,20090610,30,7,5,2,670.2,882,18421.06
557,20090610,30,1,4,2,625.9,637,18963.98
558,20090610,30,1,3,2,892.7,990,23877.21
559,20090610,30,5,3,2,674.8,627,21433.61
560,20090610,30,5,2,2,231.0,194,4425.09
561,20090610,30,5,1,2,432.1,638,15167.64
562,20090612,30,6,5,2,96.8,94,3503.5
563,20090612,30,6,4,2,626.5,754,34893.66
564,20090612,30,2,1,2,480.9,639,8416.83
565,20090612,30,2,3,2,119.5,169,6608.39
566,20090612,30,2,5,2,848.9,865,39132.18
567,20090614,30,4,4,2,105.4,109,3620.29
568,20090614,30,4,2,2,129.4,114,6220.47
569,20090614,30,4,1,2,32.2,32,1346.72
570,20090614,30,2,1,2,264.5,242,5355.13
571,20090614,30,5,2,2,407.3,534,18181.77
572,20090614,30,5,4,2,234.2,321,9484.45
573,20090614,30,3,6,2,363.3,373,5626.25
574,20090616,30,6,5,2,206.8,281,4074.05
575,20090616,30,6,3,2,59.2,87,1459.95
576,20090616,30,6,6,2,712.1,866,34358.11
577,20090616,30,3,6,2,176.1,153,4008.67
578,20090616,30,1,6,2,140.7,141,8051.45
579,20090616,30,1,2,2,21.8,18,1005.86
580,20090616,30,1,3,2,78.4,75,3342.09
581,20090618,30,2,4,2,237.6,327,12338.88
582,20090618,30,1,3,2,36.1,37,1130.48
583,20090618,30,7,5,2,102.1,87,3675.72
584,20090618,30,7,3,2,339.9,471,8482.46
585,20090618,30,7,4,2,374.6,400,13358.45
586,20090618,30,5,2,2,113.7,165,2312.54
587,20090618,30,5,5,2,192.5,158,7007.35
588,20090618,30,5,1,2,231.6,211,10315.1
589,20090620,30,3,6,2,174.4,147,5893.85
590,20090620,30,3,4,2,231.3,284,13237.69
591,20090620,30,3,5,2,101.8,120,3374.09
592,20090620,30,4,5,2,197.3,270,8391.64
593,20090620,30,4,1,2,44.9,47,1508.32
594,20170401,50,3,2,3,504.1,551,20681.3
595,20170401,50,6,5,3,1740.7,2372,93978.73
596,20170401,50,6,3,3,940.7,1026,37333.07
597,20170401,50,7,3,3,618.6,719,37019.3
598,20170401,50,4,6,3,1117.9,998,24753.83
599,20170401,50,4,2,3,404.8,573,22594.68
600,20170403,50,6,5,3,1971.2,2154,61307.29
601,20170403,50,6,3,3,270.8,325,6029.53
602,20170403,50,4,1,3,3662.0,3468,177248.9
603,20170403,50,4,5,3,217.8,228,10913.86
604,20170403,50,3,5,3,156.3,187,7944.88
605,20170403,50,3,4,3,1093.8,1342,40435.59
606,20170403,50,3,6,3,574.5,700,21898.13
607,20170403,50,7,2,3,474.8,381,17724.65
608,20170403,50,7,3,3,1578.5,1909,90552.77
609,20170405,50,3,3,3,339.8,384,6494.93
610,20170405,50,6,6,3,1376.1,1603,76161.44
611,20170405,50,6,3,3,2807.6,2290,150978.46
612,20170407,50,4,6,3,1377.9,1883,47310.61
613,20170407,50,4,3,3,827.7,1191,33725.08
614,20170407,50,4,2,3,445.5,433,12825.36
615,20170407,50,2,5,3,363.0,439,12411.87
616,20170407,50,6,5,3,386.4,355,14804.33
617,20170407,50,6,2,3,837.1,835,27636.08
618,20170407,50,6,6,3,1751.9,2545,27866.08
619,20170407,50,3,6,3,1600.7,2273,57038.28
620,20170409,50,2,4,3,2261.9,3284,135403.49
621,20170409,50,6,6,3,1162.6,1163,63465.01
622,20170409,50,6,4,3,545.9,489,29293.01
623,20170409,50,7,6,3,948.7,1207,24436.6
624,20170409,50,1,1,3,1191.3,1295,29110.68
625,20170411,50,2,2,3,1120.8,1403,63946.66
626,20170411,50,2,3,3,1286.1,1651,75177.37
627,20170411,50,2,5,3,353.9,315,16005.8
628,20170411,50,4,6,3,946.8,1091,27503.16
629,20170411,50,4,1,3,1839.6,2302,89284.37
630,20170411,50,6,6,3,424.8,398,21347.23
631,20170411,50,5,2,3,164.0,173,8004.44
632,20170411,50,5,5,3,146.6,167,2918.16
633,20170411,50,5,1,3,222.1,226,11415.31
634,20170413,50,4,4,3,445.6,623,22016.78
635,20170413,50,2,2,3,1009.0,1294,58043.82
636,20170413,50,2,3,3,214.3,268,8138.19
637,20170415,50,1,5,3,1299.5,1323,66414.61
638,20170415,50,1,1,3,513.3,680,26454.24
639,20170415,50,1,3,3,731.7,745,39243.11
640,20170415,50,3,4,3,764.1,973,20137.22
641,20170415,50,3,5,3,306.0,280,5328.55
642,20170417,50,4,2,3,450.9,481,10177.96
643,20170417,50,4,1,3,1672.3,1980,39322.15
644,20170417,50,2,2,3,568.6,638,29733.18
645,20170417,50,2,4,3,1672.3,2168,33016.32
646,20170417,50,5,3,3,749.3,789,40887.49
647,20170417,50,5,2,3,1016.0,892,33883.61
648,20170417,50,5,1,3,560.7,554,14687.89
649,20170417,50,7,3,3,611.0,616,30487.52
650,20170417,50,7,6,3,211.4,249,12453.58
651,20170417,50,7,2,3,415.3,436,12660.06
652,20170419,50,5,4,3,946.5,1093,20091.09
653,20170419,50,5,5,3,579.0,631,19685.22
654,20170419,50,6,1,3,307.7,288,15973.14
655,20170419,50,6,4,3,202.0,197,9866.72
656,20170421,50,1,2,3,1449.2,1484,60608.81
657,20170421,50,1,1,3,453.6,472,7921.2
658,20170421,50,2,4,3,462.0,505,11496.21
659,20170421,50,2,2,3,644.8,570,11633.62
660,20170421,50,6,3,3,738.3,1070,25378.41
661,20170421,50,6,6,3,466.6,495,20045.08
662,20170421,50,4,5,3,177.6,155,2948.44
663,20170421,50,4,6,3,418.1,434,14628.59
664,20170423,50,3,6,3,286.7,331,15414.44
665,20170423,50,3,2,3,351.8,400,20900.55
666,20170423,50,6,6,3,1115.1,1086,43742.89
667,20170425,50,4,4,3,469.9,378,15580.31
668,20170425,50,3,5,3,236.5,324,7137.54
669,20170425,50,3,3,3,144.5,122,3384.28
670,20170425,50,3,1,3,191.1,191,6455.89
671,20170427,50,3,2,3,646.1,739,19290.62
672,20170427,50,7,2,3,267.4,392,4735.71
673,20170427,50,7,4,3,131.1,119,6586.76
674,20170427,50,5,5,3,130.8,162,2690.96
675,20170427,50,5,3,3,485.7,415,28168.25
676,20170427,50,5,4,3,231.7,324,5235.6
677,20170427,50,2,5,3,946.2,1359,49091.81
678,20170427,50,2,4,3,359.4,337,9987.11
679,20170427,50,2,2,3,161.8,191,3591.08
680,20170429,50,6,5,3,73.0,66,2114.36
681,20170429,50,5,5,3,784.9,982,17275.49
682,20170429,50,5,3,3,306.9,264,9815.07
683,20170501,50,5,5,3,174.6,256,10111.69
684,20170501,50,1,2,3,246.2,204,5677.19
685,20170501,50,1,5,3,396.9,529,7894.62
686,20170501,50,1,6,3,238.5,254,11897.7
687,20170503,50,3,1,3,509.9,460,29172.85
688,20170503,50,3,2,3,53.9,76,2325.49
689,20170503,50,5,5,3,70.6,74,1530.81
690,20170503,50,5,4,3,82.7,113,2662.57
691,20170503,50,5,1,3,181.7,183,7981.31
692,20170505,50,4,4,3,144.1,185,4512.14
693,20170505,50,4,6,3,126.5,172,2923.05
694,20170505,50,4,1,3,279.0,395,8490.48
695,20170505,50,1,4,3,68.8,84,1777.53
696,20170505,50,1,3,3,412.4,353,8917.06
697,20170505,50,1,1,3,121.1,97,4453.3
698,20170505,50,7,3,3,153.2,155,8682.25
699,20170505,50,7,1,3,304.2,431,12146.61
700,20170505,50,2,2,3,93.9,87,2110.9
701,20170505,50,2,5,3,155.5,207,4703.42
702,20170505,50,2,1,3,290.9,382,12184.15
703,20170507,50,4,1,3,137.5,181,7750.1
704,20170507,50,4,5,3,30.7,31,1788.88
705,20170507,50,4,6,3,102.8,147,4173.99
706,20170507,50,3,4,3,106.1,147,3325.86
707,20170509,50,3,2,3,345.8,504,14884.78
708,20170509,50,4,6,3,289.9,312,5017.26
709,20170509,50,4,4,3,260.5,331,9186.73
710,20170509,50,4,3,3,88.1,81,4292.38
711,20170511,50,4,6,3,395.2,372,11119.35
712,20170511,50,7,5,3,152.1,224,7176.17
713,20170511,50,7,2,3,487.2,535,17724.1
714,20170511,50,7,3,3,174.5,170,6125.42
715,20170511,50,6,2,3,321.8,303,4840.66
716,20170513,50,4,1,3,283.9,336,6215.0
717,20170513,50,5,4,3,55.6,67,2663.59
718,20170513,50,5,5,3,23.4,19,1295.96
719,20170513,50,2,5,3,305.0,313,15771.11
720,20170513,50,2,4,3,31.7,44,960.52
721,20170513,50,6,2,3,446.4,384,22300.33
722,20170401,52,7,6,3,585.3,656,14510.44
723,20170401,52,7,5,3,1880.0,1669,52710.99
724,20170401,52,7,2,3,185.2,175,6204.48
725,20170401,52,5,2,3,349.4,375,20593.83
726,20170401,52,5,3,3,1374.9,1869,35575.06
727,20170403,52,1,1,3,680.2,785,34008.47
728,20170403,52,1,4,3,542.2,754,16908.72
729,20170403,52,1,2,3,283.4,365,4376.33
730,20170403,52,2,5,3,1712.5,1764,79120.91
731,20170403,52,2,2,3,412.1,414,14458.4
732,20170403,52,2,4,3,1620.1,2081,96285.1
733,20170403,52,6,5,3,1293.5,1863,28503.95
734,20170405,52,7,5,3,262.2,314,7173.78
735,20170405,52,7,3,3,77.3,109,3139.83
736,20170405,52,3,3,3,586.2,681,10142.69
737,20170405,52,3,6,3,730.1,676,27514.53
738,20170405,52,4,4,3,156.8,153,5625.88
739,20170405,52,4,6,3,1020.4,1370,52405.78
740,20170405,52,4,1,3,1260.1,1108,55413.98
741,20170407,52,4,4,3,885.2,992,34338.53
742,20170407,52,4,1,3,1613.0,2011,30106.85
743,20170407,52,3,2,3,119.8,107,5525.65
744,20170407,52,3,6,3,456.2,417,8984.44
745,20170407,52,3,1,3,41.9,52,2265.11
746,20170407,52,2,5,3,2563.8,3174,47141.98
747,20170407,52,2,6,3,431.4,461,24777.12
748,20170407,52,6,6,3,517.0,715,24281.33
749,20170407,52,6,4,3,916.1,1142,27797.49
750,20170407,52,6,3,3,461.7,454,12724.85
751,20170409,52,2,4,3,1426.1,2113,84000.27
752,20170409,52,3,2,3,1310.8,1802,57785.24
753,20170409,52,3,4,3,314.9,468,17644.43
754,20170409,52,3,3,3,883.0,731,27640.73
755,20170411,52,7,2,3,953.2,799,32609.22
756,20170411,52,7,3,3,1187.3,1721,52061.77
757,20170411,52,4,2,3,783.7,1160,24453.55
758,20170411,52,6,5,3,78.9,82,3606.76
759,20170411,52,6,4,3,1495.0,1526,30851.28
760,20170411,52,6,2,3,1240.3,1026,51963.24
761,20170413,52,6,6,3,95.5,121,4961.86
762,20170413,52,1,1,3,46.2,50,2436.95
763,20170413,52,5,2,3,459.8,429,9004.97
764,20170413,52,5,6,3,872.5,1199,42928.37
765,20170413,52,7,6,3,75.7,65,3713.02
766,20170415,52,1,4,3,294.7,274,6916.74
767,20170415,52,1,3,3,1239.2,1033,50527.96
768,20170415,52,1,1,3,709.0,729,21789.45
769,20170415,52,2,6,3,122.4,160,5282.08
770,20170415,52,2,5,3,912.2,1203,41400.55
771,20170415,52,2,4,3,349.2,311,15863.74
772,20170417,52,4,1,3,183.0,269,7919.44
773,20170417,52,1,6,3,674.4,908,31459.06
774,20170417,52,1,3,3,1251.8,1050,60885.58
775,20170417,52,1,5,3,362.5,369,21064.4
776,20170417,52,6,5,3,905.7,1092,20371.6
777,20170417,52,7,6,3,253.4,290,14232.86
778,20170417,52,7,4,3,791.6,713,38910.27
779,20170417,52,7,2,3,980.8,1228,24990.35
780,20170419,52,1,2,3,492.9,630,20561.72
781,20170419,52,5,5,3,244.7,265,14506.8
782,20170421,52,3,3,3,948.9,954,29372.89
783,20170421,52,7,4,3,93.9,92,5193.77
784,20170421,52,7,5,3,616.0,775,34381.64
785,20170421,52,6,6,3,727.7,735,17081.75
786,20170421,52,4,3,3,430.5,372,9244.58
787,20170423,52,7,4,3,361.8,325,7548.75
788,20170423,52,7,6,3,186.0,174,3607.0
789,20170423,52,1,4,3,278.2,327,12649.92
790,20170423,52,1,1,3,868.5,1077,23427.41
791,20170423,52,1,5,3,399.8,479,20972.55
792,20170423,52,6,2,3,262.9,240,12127.58
793,20170423,52,6,1,3,705.2,949,39462.16
794,20170423,52,6,4,3,242.9,301,8345.18
795,20170423,52,5,6,3,62.0,90,3554.69
796,20170423,52,5,3,3,252.0,355,12142.47
797,20170425,52,7,2,3,350.1,503,15226.91
798,20170425,52,1,5,3,362.2,354,17158.31
799,20170425,52,1,4,3,356.0,321,18524.52
800,20170425,52,1,3,3,297.3,373,9880.43
801,20170425,52,5,1,3,172.0,247,4666.94
802,20170425,52,6,3,3,446.8,669,10953.04
803,20170425,52,6,5,3,688.0,991,25889.03
804,20170425,52,6,1,3,120.5,107,7107.66
805,20170427,52,7,2,3,206.4,283,6609.8
806,20170427,52,3,2,3,267.9,278,15849.57
807,20170427,52,3,4,3,115.0,171,5972.89
808,20170427,52,3,1,3,1083.0,919,19004.65
809,20170429,52,2,4,3,354.9,407,18785.76
810,20170429,52,2,5,3,125.7,162,6025.34
811,20170429,52,2,3,3,207.4,176,6485.25
812,20170429,52,5,6,3,113.7,170,4133.45
813,20170429,52,5,2,3,242.4,294,13306.98
814,20170429,52,7,6,3,718.4,878,31143.24
815,20170429,52,7,1,3,112.2,91,6093.47
816,20170429,52,7,3,3,247.3,234,11900.47
817,20170501,52,1,1,3,279.3,411,14892.6
818,20170501,52,4,5,3,685.3,552,10895.44
819,20170501,52,4,6,3,173.2,193,6635.41
820,20170503,52,4,4,3,224.4,249,10759.95
821,20170503,52,4,2,3,209.1,286,8673.34
822,20170503,52,3,5,3,128.9,178,4344.35
823,20170503,52,3,4,3,121.1,170,5463.68
824,20170503,52,1,2,3,127.4,157,3967.67
825,20170503,52,1,5,3,25.0,36,1275.92
826,20170503,52,6,4,3,358.9,335,12876.3
827,20170503,52,6,1,3,647.1,932,19473.38
828,20170503,52,6,3,3,235.4,277,4901.53
829,20170505,52,6,3,3,296.4,257,12754.96
830,20170505,52,1,4,3,500.6,458,16662.45
831,20170507,52,7,3,3,132.7,172,4492.1
832,20170507,52,7,1,3,78.8,99,2194.04
833,20170507,52,6,1,3,171.3,150,10014.65
834,20170507,52,2,4,3,236.7,308,11824.81
835,20170507,52,2,3,3,64.2,78,3541.34
836,20170507,52,4,1,3,138.6,206,4507.62
837,20170507,52,4,2,3,102.8,131,2523.09
838,20170509,52,2,5,3,83.6,80,1327.93
839,20170509,52,2,6,3,71.6,105,2174.54
840,20170509,52,4,4,3,322.1,293,16283.36
841,20170509,52,4,1,3,244.4,203,10512.77
842,20170509,52,4,5,3,68.5,93,2261.6
843,20170511,52,3,5,3,41.1,44,2044.01
844,20170511,52,5,3,3,322.9,278,18451.22
845,20170511,52,5,4,3,161.7,218,3887.43
846,20170511,52,5,1,3,225.3,330,3885.01
847,20170513,52,4,5,3,217.1,255,8881.7
848,20170513,52,4,2,3,278.5,383,4343.95
849,20170513,52,4,6,3,181.5,203,6797.82
850,20170513,52,7,4,3,195.4,260,7198.16
851,20170513,52,7,2,3,111.2,139,2530.62
852,20170513,52,7,5,3,207.1,305,7937.41
853,20170513,52,1,3,3,323.4,400,8535.8
854,20170513,52,1,6,3,243.0,279,8619.95
855,20170401,48,2,5,3,215.8,236,10177.41
856,20170401,48,2,6,3,172.4,164,10080.39
857,20170401,48,2,2,3,1479.6,1568,23914.41
858,20170401,48,5,3,3,1362.0,1165,49509.24
859,20170401,48,5,4,3,465.4,399,23895.11
860,20170401,48,6,6,3,933.7,1193,16204.34
861,20170401,48,6,5,3,898.1,1250,45766.01
862,20170403,48,5,1,3,164.6,215,9733.5
863,20170403,48,5,3,3,826.8,792,20282.16
864,20170403,48,2,1,3,491.6,736,7923.01
865,20170403,48,2,6,3,1173.9,1239,62067.26
866,20170403,48,3,2,3,1496.3,1206,27522.27
867,20170403,48,3,3,3,874.0,1108,48045.75
868,20170403,48,3,5,3,3183.1,4340,186306.1
869,20170403,48,1,4,3,377.4,432,7123.51
870,20170403,48,1,2,3,883.1,979,26523.65
871,20170405,48,4,6,3,4084.3,4941,62825.93
872,20170405,48,4,4,3,1326.1,1110,64941.72
873,20170405,48,3,1,3,1484.6,1437,43882.71
874,20170405,48,3,3,3,954.4,1001,44251.31
875,20170405,48,7,6,3,229.0,245,7765.67
876,20170405,48,1,1,3,686.6,972,12705.23
877,20170407,48,6,2,3,728.5,1051,19801.19
878,20170407,48,6,5,3,1469.5,2144,70947.97
879,20170407,48,6,6,3,87.4,110,2924.72
880,20170407,48,1,2,3,420.4,568,14893.99
881,20170407,48,1,3,3,696.9,744,37247.9
882,20170407,48,1,4,3,343.4,335,19379.45
883,20170407,48,2,2,3,1368.9,1606,57271.64
884,20170407,48,2,4,3,1579.2,1392,32859.88
885,20170409,48,2,6,3,448.0,652,12936.38
886,20170409,48,7,2,3,890.4,734,17436.82
887,20170409,48,7,4,3,984.3,925,31209.39
888,20170409,48,7,5,3,2125.5,2305,78278.51
889,20170409,48,4,1,3,688.9,945,15655.61
890,20170409,48,4,2,3,1050.5,1354,35234.61
891,20170409,48,5,3,3,1323.2,1675,51089.09
892,20170411,48,7,2,3,168.1,203,3167.53
893,20170411,48,7,3,3,1449.3,1926,73531.76
894,20170411,48,7,5,3,1260.7,1370,69889.25
895,20170411,48,1,4,3,637.3,815,34193.77
896,20170411,48,5,3,3,272.4,297,7165.11
897,20170411,48,6,4,3,410.9,367,11639.96
898,20170411,48,6,5,3,125.6,166,6934.12
899,20170411,48,6,3,3,2271.4,2344,110162.67
900,20170413,48,4,3,3,1276.9,1078,26721.6
901,20170413,48,4,4,3,383.5,476,10122.12
902,20170413,48,5,2,3,1436.4,1383,77419.28
903,20170413,48,5,3,3,2813.6,3617,44245.57
904,20170413,48,5,1,3,144.7,123,7315.44
905,20170413,48,7,2,3,185.5,236,9487.31
906,20170413,48,7,3,3,1727.9,1812,88811.7
907,20170413,48,7,1,3,823.0,987,39950.81
908,20170413,48,1,3,3,140.1,192,7964.19
909,20170415,48,2,2,3,252.3,318,14039.82
910,20170415,48,2,5,3,481.2,662,25776.11
911,20170415,48,2,4,3,441.4,380,15316.65
912,20170415,48,3,5,3,295.3,251,15426.81
913,20170415,48,3,2,3,237.1,288,4513.04
914,20170417,48,4,5,3,303.7,414,10837.07
915,20170417,48,4,2,3,430.4,625,13130.15
916,20170417,48,4,6,3,627.4,503,16133.98
917,20170417,48,7,3,3,174.6,160,3508.75
918,20170417,48,7,2,3,1112.0,1663,50665.75
919,20170417,48,2,3,3,621.5,929,20730.28
920,20170417,48,6,5,3,750.6,645,11307.25
921,20170417,48,6,1,3,87.7,121,3574.14
922,20170419,48,1,4,3,252.8,252,12811.35
923,20170419,48,4,5,3,325.9,483,8295.14
924,20170419,48,4,4,3,371.5,523,16206.6
925,20170419,48,4,6,3,848.8,934,23704.09
926,20170419,48,2,4,3,377.1,316,11680.93
927,20170419,48,2,6,3,1447.4,1667,42288.85
928,20170419,48,2,5,3,765.6,1043,40788.19
929,20170421,48,2,2,3,600.0,826,17194.61
930,20170421,48,1,1,3,88.1,88,5133.81
931,20170421,48,1,3,3,204.6,177,7919.41
932,20170421,48,5,5,3,390.8,531,18866.4
933,20170423,48,2,4,3,96.1,99,2810.07
934,20170423,48,2,5,3,153.6,223,8244.88
935,20170423,48,2,1,3,395.1,449,15177.59
936,20170423,48,4,1,3,645.6,612,29325.85
937,20170423,48,4,3,3,261.5,379,4969.92
938,20170423,48,4,5,3,751.9,683,23683.87
939,20170423,48,5,1,3,424.2,386,24841.58
940,20170423,48,5,4,3,117.8,100,2969.05
941,20170423,48,5,2,3,450.8,463,19500.77
942,20170425,48,1,1,3,424.3,609,18467.67
943,20170425,48,1,4,3,50.6,46,2075.27
944,20170425,48,6,3,3,477.7,550,8947.87
945,20170425,48,6,1,3,83.7,92,1981.83
946,20170425,48,2,1,3,826.4,1105,22272.67
947,20170425,48,2,2,3,206.4,232,11856.4
948,20170427,48,7,6,3,541.0,511,16835.84
949,20170427,48,7,3,3,349.9,500,19891.9
950,20170427,48,7,4,3,113.3,129,6268.96
951,20170427,48,6,5,3,175.1,164,2924.22
952,20170429,48,7,1,3,48.2,47,836.54
953,20170429,48,2,3,3,494.9,563,16689.6
954,20170429,48,2,5,3,180.7,169,4461.69
955,20170429,48,2,6,3,144.0,207,6147.45
956,20170501,48,5,5,3,168.8,245,2900.13
957,20170501,48,5,3,3,336.4,278,11147.2
958,20170501,48,2,6,3,68.4,88,2990.19
959,20170501,48,2,1,3,155.9,138,8986.55
960,20170501,48,2,2,3,212.1,216,10495.49
961,20170501,48,3,1,3,31.6,44,1431.02
962,20170501,48,3,3,3,260.8,312,12870.03
963,20170501,48,7,2,3,195.6,159,9559.5
964,20170501,48,7,6,3,175.1,194,2682.42
965,20170501,48,7,5,3,177.9,226,8293.4
966,20170503,48,6,6,3,480.8,563,15860.33
967,20170503,48,3,4,3,251.7,223,13318.69
968,20170503,48,3,2,3,311.3,392,11264.93
969,20170505,48,6,1,3,259.9,283,10291.44
970,20170505,48,6,6,3,57.1,75,2983.85
971,20170505,48,3,5,3,214.7,297,11360.65
972,20170505,48,3,3,3,50.4,55,1823.56
973,20170505,48,4,3,3,158.0,190,7112.63
974,20170505,48,4,4,3,169.3,176,7274.45
975,20170505,48,4,5,3,273.5,290,10669.22
976,20170505,48,5,5,3,297.0,287,7238.02
977,20170505,48,5,1,3,322.8,301,12166.93
978,20170507,48,1,5,3,99.3,96,1840.44
979,20170507,48,6,2,3,395.3,542,22999.2
980,20170507,48,6,4,3,87.5,106,3255.03
981,20170507,48,4,4,3,64.2,64,2655.31
982,20170507,48,3,3,3,125.0,139,6578.17
983,20170507,48,3,6,3,123.8,156,6224.51
984,20170509,48,5,4,3,30.6,38,666.39
985,20170509,48,5,3,3,145.4,118,3523.54
986,20170509,48,5,1,3,263.5,372,10204.43
987,20170509,48,7,1,3,162.9,143,8327.37
988,20170509,48,2,4,3,288.1,411,16129.88
989,20170509,48,2,1,3,170.8,229,3568.98
990,20170509,48,2,5,3,272.6,224,10192.64
991,20170511,48,4,4,3,126.1,139,5427.69
992,20170511,48,7,6,3,122.8,141,2851.19
993,20170513,48,6,3,3,552.0,726,16616.53
994,20170513,48,3,6,3,336.7,371,12386.62
995,20200701,34,4,2,4,1029.6,1349,17855.39
996,20200701,34,7,3,4,485.8,696,9102.31
997,20200701,34,7,1,4,1492.8,2047,88779.5
998,20200701,34,7,5,4,514.6,428,26271.73
999,20200703,34,7,6,4,543.9,717,27014.71
1000,20200703,34,7,3,4,2462.9,2496,144863.88
1001,20200703,34,5,6,4,751.4,985,19459.95
1002,20200703,34,5,1,4,5397.7,6320,151402.42
1003,20200705,34,1,5,4,802.4,801,12044.77
1004,20200705,34,5,1,4,2167.1,3149,117090.49
1005,20200705,34,5,4,4,2930.2,4335,93216.27
1006,20200705,34,5,2,4,949.8,802,31183.01
1007,20200705,34,2,3,4,1797.8,1589,83883.15
1008,20200705,34,4,3,4,2557.6,2715,147809.74
1009,20200705,34,4,4,4,1441.7,1692,75070.87
1010,20200707,34,7,3,4,2511.8,3667,127544.88
1011,20200707,34,7,2,4,2553.4,2761,128303.38
1012,20200707,34,6,2,4,794.6,706,26959.48
1013,20200707,34,3,5,4,107.5,89,4928.79
1014,20200707,34,5,2,4,1261.8,1181,65262.2
1015,20200709,34,2,3,4,1560.8,1945,43650.65
1016,20200709,34,2,4,4,4174.3,5474,70189.33
1017,20200709,34,4,5,4,1142.7,1330,35899.99
1018,20200711,34,7,4,4,964.9,1038,29019.74
1019,20200711,34,7,3,4,1033.3,1316,28964.66
1020,20200711,34,2,1,4,497.4,420,11742.63
1021,20200711,34,4,6,4,2547.9,3222,67465.65
1022,20200713,34,7,2,4,1383.2,1163,39758.16
1023,20200713,34,6,2,4,1185.2,961,47528.25
1024,20200713,34,6,1,4,1168.9,1349,47138.65
1025,20200713,34,5,2,4,545.0,768,12898.06
1026,20200713,34,5,3,4,607.7,868,18683.92
1027,20200713,34,5,4,4,157.3,190,6076.71
1028,20200715,34,1,1,4,2550.3,2846,129714.98
1029,20200715,34,6,4,4,709.3,916,35941.4
1030,20200715,34,6,5,4,1728.3,1567,81157.16
1031,20200715,34,3,5,4,248.2,236,10322.45
1032,20200715,34,3,2,4,661.8,899,37368.93
1033,20200715,34,3,1,4,454.7,443,26893.83
1034,20200715,34,5,1,4,4667.0,6326,87982.19
1035,20200715,34,5,2,4,2255.1,3093,35242.04
1036,20200717,34,1,2,4,798.9,843,33967.05
1037,20200717,34,7,4,4,567.3,481,23544.15
1038,20200719,34,6,5,4,3319.2,4379,125924.13
1039,20200719,34,6,3,4,197.2,204,11619.2
1040,20200719,34,6,1,4,358.3,369,14851.82
1041,20200719,34,7,1,4,1195.9,1019,45405.54
1042,20200719,34,1,6,4,3083.6,3963,56094.47
1043,20200721,34,7,1,4,2049.4,2525,90171.64
1044,20200721,34,7,6,4,770.6,1063,38894.02
1045,20200721,34,2,1,4,2494.3,2065,59990.77
1046,20200721,34,2,2,4,543.2,562,18376.58
1047,20200721,34,1,4,4,3027.6,3704,99331.07
1048,20200721,34,1,6,4,2281.7,3195,85048.6
1049,20200721,34,1,5,4,969.3,1247,23528.13
1050,20200723,34,4,2,4,706.0,627,39281.41
1051,20200723,34,4,3,4,1207.5,1358,58559.61
1052,20200723,34,6,2,4,2958.5,3994,105945.53
1053,20200725,34,3,5,4,1781.0,2031,63791.62
1054,20200725,34,4,5,4,1909.6,1768,68839.4
1055,20200725,34,4,2,4,1825.8,2423,94032.93
1056,20200725,34,4,3,4,1220.5,1685,21013.73
1057,20200725,34,2,4,4,820.6,971,19595.21
1058,20200725,34,2,5,4,435.5,364,9639.41
1059,20200727,34,1,2,4,510.8,456,13026.85
1060,20200727,34,1,4,4,2473.4,2753,125015.3
1061,20200727,34,7,6,4,129.1,155,4191.36
1062,20200727,34,3,2,4,378.0,362,15459.27
1063,20200727,34,3,5,4,1762.1,2227,94033.13
1064,20200727,34,3,1,4,35.6,40,2096.79
1065,20200729,34,7,5,4,2262.6,2769,43065.04
1066,20200729,34,7,4,4,2191.9,2658,77255.87
1067,20200729,34,6,5,4,1889.9,2777,70789.28
1068,20200729,34,6,6,4,1284.4,1436,31362.41
1069,20200729,34,3,4,4,1912.5,1853,72555.55
1070,20200729,34,3,3,4,516.5,539,18257.36
1071,20200731,34,1,2,4,101.3,84,5054.2
1072,20200731,34,1,1,4,2987.2,3585,78903.64
1073,20200731,34,1,3,4,1501.4,1213,31327.21
1074,20200731,34,3,4,4,606.6,616,12656.45
1075,20200802,34,3,2,4,797.8,966,14266.23
1076,20200802,34,5,2,4,823.3,1027,27684.84
1077,20200802,34,5,3,4,215.8,203,9588.22
1078,20200802,34,5,1,4,332.7,397,17846.11
1079,20200802,34,2,5,4,816.1,1101,36976.07
1080,20200802,34,6,3,4,1372.7,2006,29338.05
1081,20200802,34,6,2,4,591.9,631,34363.74
1082,20200804,34,2,6,4,1205.7,1192,61682.86
1083,20200804,34,2,3,4,947.8,925,32845.98
1084,20200804,34,5,1,4,139.3,132,3856.82
1085,20200804,34,5,3,4,1164.9,1071,63249.93
1086,20200804,34,5,2,4,669.5,841,38851.05
1087,20200806,34,2,4,4,1161.4,1130,65910.17
1088,20200806,34,4,1,4,1087.7,939,41467.92
1089,20200806,34,5,2,4,1214.8,1125,62518.04
1090,20200806,34,3,2,4,895.3,832,52831.39
1091,20200806,34,3,1,4,299.6,328,8664.31
1092,20200806,34,3,4,4,1131.2,1674,24774.88
1093,20200808,34,3,2,4,1584.0,1472,70211.74
1094,20200808,34,5,6,4,1049.8,1345,30831.85
1095,20200808,34,5,2,4,860.6,960,29344.31
1096,20200810,34,1,6,4,1525.0,1675,59755.24
1097,20200810,34,1,2,4,837.8,1069,36513.05
1098,20200810,34,1,1,4,629.7,511,25230.28
1099,20200810,34,7,3,4,1017.5,911,55901.79
1100,20200810,34,7,1,4,2266.8,3206,93762.43
1101,20200810,34,7,6,4,1766.3,1905,67319.88
1102,20200810,34,2,6,4,1330.6,1412,43198.55
1103,20200810,34,2,4,4,1051.0,1139,47904.4
1104,20200810,34,2,1,4,476.7,579,23711.74
1105,20200812,34,3,6,4,600.9,756,32859.29
1106,20200812,34,7,6,4,1086.0,1280,61203.4
1107,20200812,34,7,4,4,746.7,802,24229.96
1108,20200812,34,2,3,4,1554.2,1535,83534.88
1109,20200812,34,2,2,4,957.1,996,17007.13
1110,20200812,34,2,6,4,544.0,727,29825.18
1111,20200814,34,6,4,4,659.9,931,32550.2
1112,20200814,34,5,6,4,176.2,223,9361.68
1113,20200814,34,5,3,4,770.6,1015,30383.11
1114,20200816,34,2,6,4,717.2,748,27557.28
1115,20200816,34,6,4,4,310.5,435,6818.83
1116,20200816,34,6,5,4,2288.1,2483,105105.97
1117,20200816,34,6,1,4,1214.3,1326,67995.59
1118,20200818,34,5,2,4,553.0,813,10726.45
1119,20200818,34,5,5,4,500.4,456,29934.22
1120,20200818,34,5,1,4,681.0,554,28739.56
1121,20200818,34,3,2,4,189.8,266,5268.04
1122,20200818,34,3,3,4,1445.6,1191,48306.5
1123,20200820,34,1,6,4,1408.3,1924,71846.38
1124,20200820,34,2,6,4,2477.6,3416,84548.37
1125,20200820,34,3,6,4,281.5,277,11014.72
1126,20200820,34,3,3,4,62.9,81,1548.48
1127,20200820,34,3,4,4,101.7,110,2567.93
1128,20200820,34,5,3,4,93.4,109,2256.46
1129,20200822,34,2,3,4,1291.6,1829,44582.89
1130,20200822,34,6,1,4,394.0,468,15818.25
1131,20200822,34,6,6,4,540.3,499,14236.93
1132,20200824,34,4,4,4,527.7,444,15645.07
1133,20200824,34,4,2,4,189.3,245,7386.04
1134,20200824,34,4,6,4,355.3,368,14690.54
1135,20200824,34,7,4,4,743.9,640,18621.86
1136,20200824,34,7,3,4,416.6,410,6475.28
1137,20200826,34,4,4,4,141.3,172,8241.91
1138,20200826,34,1,1,4,242.7,351,12687.63
1139,20200826,34,7,1,4,2110.3,2038,56595.11
1140,20200826,34,7,3,4,1432.3,1213,68121.81
1141,20200826,34,2,1,4,494.0,495,22173.52
1142,20200826,34,2,6,4,931.2,1087,42944.85
1143,20200828,34,2,1,4,376.7,432,10960.57
1144,20200828,34,2,5,4,220.2,309,10481.3
1145,20200828,34,2,6,4,720.0,684,22333.38
1146,20200828,34,4,5,4,210.0,205,7441.88
1147,20200828,34,4,6,4,273.0,406,8899.57
1148,20200828,34,7,6,4,1288.0,1419,22445.93
1149,20200828,34,7,1,4,1188.9,1371,25834.46
1150,20200830,34,6,2,4,459.1,448,10472.41
1151,20200830,34,6,1,4,185.6,259,4709.09
1152,20200830,34,2,3,4,145.1,118,6560.2
1153,20200830,34,5,2,4,224.4,320,5026.04
1154,20200901,34,6,6,4,554.3,598,12558.7
1155,20200901,34,6,3,4,563.3,554,22549.26
1156,20200901,34,5,2,4,562.0,832,14262.85
1157,20200901,34,5,1,4,334.4,346,7169.09
1158,20200901,34,7,4,4,257.5,308,9328.98
1159,20200903,34,5,1,4,646.7,848,12254.82
1160,20200903,34,5,4,4,609.3,547,28788.47
1161,20200903,34,4,3,4,459.8,497,9730.98
1162,20200903,34,2,6,4,137.5,183,3660.51
1163,20200903,34,2,5,4,372.3,556,17088.3
1164,20200903,34,2,4,4,291.0,241,5974.52
1165,20200903,34,1,1,4,800.1,865,42452.12
1166,20200905,34,2,3,4,869.7,1052,27026.7
1167,20200905,34,2,1,4,109.4,113,2053.91
1168,20200905,34,2,4,4,734.8,789,19689.03
1169,20200905,34,7,3,4,103.6,112,4912.58
1170,20200907,34,4,6,4,600.0,691,24774.07
1171,20200907,34,7,4,4,371.8,310,15172.22
1172,20200907,34,7,2,4,257.6,209,12354.61
1173,20200907,34,7,3,4,560.7,706,19487.87
1174,20200907,34,3,3,4,246.6,280,5078.86
1175,20200907,34,3,2,4,358.1,302,14625.95
1176,20200909,34,1,3,4,399.3,560,17051.35
1177,20200909,34,1,2,4,1536.9,1977,51962.53
1178,20200909,34,3,5,4,1239.1,1786,26056.87
1179,20200909,34,3,1,4,666.1,534,37707.45
1180,20200909,34,4,6,4,130.8,158,4568.99
1181,20200911,34,1,2,4,85.7,87,4410.93
1182,20200911,34,1,5,4,782.5,796,15246.92
1183,20200911,34,1,1,4,703.3,972,41579.93
1184,20200911,34,7,5,4,292.9,300,12019.54
1185,20200911,34,7,4,4,365.7,534,11493.5
1186,20200911,34,3,6,4,381.7,467,16491.45
1187,20200911,34,3,4,4,389.0,482,15528.01
1188,20200911,34,3,2,4,505.6,434,18570.81
1189,20200911,34,4,3,4,467.1,644,16334.61
1190,20200911,34,4,1,4,721.5,887,37707.0
1191,20200913,34,7,5,4,1684.7,2048,70273.01
1192,20200913,34,7,6,4,351.0,322,15809.77
1193,20200913,34,7,2,4,443.3,554,8405.09
1194,20200913,34,6,4,4,301.9,339,9827.74
1195,20200913,34,1,2,4,670.8,972,19222.04
1196,20200701,44,6,3,4,267.6,326,5084.89
1197,20200701,44,6,4,4,1614.6,1918,54943.94
1198,20200701,44,7,2,4,1152.4,1216,65832.68
1199,20200701,44,7,4,4,2062.6,2810,48021.14
1200,20200701,44,3,6,4,1323.9,1723,24878.96
1201,20200701,44,3,5,4,2822.3,2455,133492.6
1202,20200701,44,4,4,4,3331.8,4603,56213.52
1203,20200701,44,4,5,4,1751.0,2085,98547.51
1204,20200701,44,4,1,4,1537.1,2138,23073.16
1205,20200703,44,5,5,4,2828.0,3462,99877.37
1206,20200703,44,5,6,4,1436.9,1272,35263.33
1207,20200703,44,6,3,4,1699.5,2394,71756.86
1208,20200703,44,6,6,4,1234.7,1447,23623.84
1209,20200703,44,6,1,4,1028.1,1309,55880.05
1210,20200705,44,1,3,4,1333.4,1942,23235.06
1211,20200705,44,1,6,4,708.5,700,26933.37
1212,20200705,44,1,5,4,821.7,952,37200.09
1213,20200705,44,3,6,4,443.3,463,21447.43
1214,20200705,44,3,3,4,1007.7,1276,25727.86
1215,20200705,44,3,2,4,4707.1,5577,174777.35
1216,20200705,44,6,5,4,5759.7,7492,114809.65
1217,20200707,44,1,6,4,1036.0,1536,60154.96
1218,20200707,44,1,3,4,2266.2,2516,52986.07
1219,20200707,44,5,2,4,3990.0,4963,123393.76
1220,20200707,44,5,1,4,1615.1,1644,90352.03
1221,20200707,44,5,4,4,1916.1,1926,31622.95
1222,20200709,44,3,6,4,3389.3,3779,100428.29
1223,20200709,44,3,1,4,3978.0,5570,220333.06
1224,20200709,44,4,6,4,1491.9,1608,36956.33
1225,20200709,44,4,5,4,383.1,469,13963.26
1226,20200709,44,4,2,4,585.8,481,25760.0
1227,20200709,44,6,6,4,2831.3,3709,160680.39
1228,20200709,44,6,2,4,2850.2,3284,44558.84
1229,20200711,44,5,3,4,1276.9,1047,71402.57
1230,20200711,44,5,2,4,1092.2,1436,23860.92
1231,20200711,44,5,5,4,3817.0,5685,208035.92
1232,20200711,44,6,1,4,3517.1,4436,107325.75
1233,20200711,44,6,4,4,1231.1,1070,69542.38
1234,20200711,44,4,6,4,2453.8,2349,98436.73
1235,20200711,44,3,6,4,2466.2,1974,121020.81
1236,20200711,44,3,5,4,3895.6,5325,139109.14
1237,20200713,44,6,1,4,1327.9,1505,46666.49
1238,20200713,44,6,2,4,2799.0,3271,81877.11
1239,20200713,44,6,3,4,380.9,479,17389.77
1240,20200713,44,3,6,4,2139.3,2465,118158.8
1241,20200715,44,4,5,4,2938.6,2767,102548.13
1242,20200715,44,4,3,4,3672.4,4215,60384.75
1243,20200715,44,3,1,4,5484.4,7136,185118.83
1244,20200715,44,3,4,4,761.6,695,24173.0
1245,20200715,44,6,6,4,2519.4,3475,81192.93
1246,20200717,44,5,5,4,4078.4,3742,239582.83
1247,20200717,44,7,6,4,2297.1,3415,69370.17
1248,20200717,44,1,5,4,598.3,693,17579.74
1249,20200717,44,1,3,4,2418.7,2380,40171.41
1250,20200717,44,4,1,4,1367.2,1258,26816.33
1251,20200717,44,4,2,4,4766.7,4127,233295.19
1252,20200719,44,2,5,4,1781.4,2449,66244.17
1253,20200719,44,2,4,4,2127.3,2596,97180.35
1254,20200719,44,3,3,4,763.9,618,15557.04
1255,20200721,44,2,2,4,5233.6,6264,208843.3
1256,20200721,44,2,3,4,1316.6,1419,56773.78
1257,20200721,44,2,1,4,889.4,1199,34124.15
1258,20200721,44,1,4,4,1049.3,1015,28970.9
1259,20200721,44,4,2,4,2742.2,3720,92597.2
1260,20200721,44,4,6,4,719.9,996,28730.41
1261,20200721,44,3,2,4,714.9,809,23323.61
1262,20200721,44,3,4,4,203.6,228,7808.07
1263,20200721,44,3,1,4,580.3,672,15034.9
1264,20200723,44,5,4,4,927.2,1213,42251.81
1265,20200723,44,5,6,4,3481.8,3730,111132.77
1266,20200723,44,5,5,4,1219.9,1722,27661.5
1267,20200723,44,4,4,4,5157.4,6401,147270.38
1268,20200723,44,4,1,4,2520.5,2429,96930.99
1269,20200725,44,5,3,4,2187.9,2218,64468.25
1270,20200725,44,5,1,4,886.1,812,14426.22
1271,20200725,44,5,6,4,836.6,1240,25018.21
1272,20200725,44,2,2,4,1440.7,1943,61969.14
1273,20200725,44,2,1,4,516.6,609,9870.17
1274,20200725,44,2,5,4,2760.0,2711,43692.29
1275,20200727,44,6,2,4,2294.1,2970,116008.82
1276,20200727,44,6,1,4,715.7,738,38449.56
1277,20200727,44,2,5,4,605.5,823,24902.94
1278,20200727,44,2,6,4,664.9,659,26313.05
1279,20200727,44,7,2,4,2612.6,2959,76595.9
1280,20200727,44,7,1,4,1666.1,1356,77400.73
1281,20200727,44,3,3,4,781.9,647,25904.37
1282,20200729,44,4,5,4,1195.9,1027,54615.16
1283,20200729,44,4,3,4,5498.0,6973,315612.98
1284,20200729,44,4,4,4,64.2,71,2072.94
1285,20200729,44,6,2,4,649.4,964,12331.12
1286,20200729,44,6,3,4,1123.9,1552,35089.1
1287,20200729,44,6,4,4,2058.4,2236,65586.59
1288,20200729,44,5,2,4,529.6,476,20393.2
1289,20200729,44,5,6,4,1020.4,1042,46401.24
1290,20200731,44,1,2,4,1509.8,1587,25737.4
1291,20200731,44,1,6,4,1097.7,1578,57001.62
1292,20200731,44,1,1,4,2049.6,1977,114514.5
1293,20200731,44,2,5,4,478.7,710,13239.26
1294,20200731,44,2,2,4,1369.3,1309,64017.25
1295,20200731,44,2,1,4,3547.6,4210,93642.6
1296,20200731,44,6,6,4,651.4,627,24173.92
1297,20200731,44,6,1,4,590.7,766,24276.76
1298,20200802,44,6,1,4,1293.4,1746,33955.05
1299,20200802,44,6,5,4,665.1,695,35680.37
1300,20200802,44,6,6,4,1218.3,1575,67894.05
1301,20200802,44,3,1,4,417.2,476,23669.44
1302,20200802,44,3,6,4,170.4,218,3375.58
1303,20200802,44,3,5,4,554.8,590,10827.77
1304,20200802,44,5,1,4,970.7,1374,53338.9
1305,20200802,44,5,4,4,719.5,880,22611.11
1306,20200802,44,5,5,4,2275.8,2622,81736.02
1307,20200804,44,1,6,4,1011.7,1172,52234.83
1308,20200804,44,1,2,4,1127.0,1523,52812.43
1309,20200804,44,5,6,4,1565.0,1464,32662.34
1310,20200804,44,3,6,4,724.2,1019,39972.67
1311,20200804,44,3,1,4,1100.1,1300,19036.44
1312,20200804,44,3,3,4,2015.8,2325,88991.34
1313,20200806,44,6,5,4,2216.0,2019,52751.84
1314,20200806,44,6,6,4,1498.7,1360,76009.99
1315,20200806,44,1,2,4,205.7,198,5757.54
1316,20200806,44,1,4,4,633.6,754,14847.47
1317,20200806,44,1,1,4,1155.5,1410,34355.27
1318,20200806,44,5,6,4,1431.9,1986,28152.51
1319,20200806,44,5,5,4,1341.3,1216,25124.86
1320,20200806,44,5,1,4,676.3,712,18883.55
1321,20200808,44,1,5,4,3509.3,3927,107031.06
1322,20200808,44,7,3,4,1889.6,2798,51018.31
1323,20200808,44,4,2,4,1598.0,1719,72658.96
1324,20200808,44,4,3,4,1076.2,1578,56579.74
1325,20200808,44,4,4,4,909.3,1245,32427.6
1326,20200810,44,2,2,4,475.2,554,17928.16
1327,20200810,44,2,4,4,240.2,355,13454.91
1328,20200810,44,1,2,4,621.1,653,31634.06
1329,20200810,44,1,1,4,334.1,401,17836.13
1330,20200810,44,5,6,4,668.7,738,18896.93
1331,20200812,44,1,4,4,1003.1,1144,31090.73
1332,20200812,44,1,2,4,1474.6,1432,25400.18
1333,20200812,44,1,1,4,311.7,251,17819.91
1334,20200812,44,5,1,4,194.3,156,4973.34
1335,20200812,44,5,6,4,1692.5,2079,38072.03
1336,20200812,44,5,3,4,3585.7,2956,59796.66
1337,20200814,44,2,1,4,1339.8,1765,39270.12
1338,20200814,44,2,6,4,597.6,692,28138.84
1339,20200814,44,4,1,4,1920.0,1699,76843.35
1340,20200814,44,3,3,4,451.7,517,19383.6
1341,20200814,44,3,6,4,101.1,133,4728.16
1342,20200814,44,5,6,4,2656.2,2928,89180.16
1343,20200814,44,5,1,4,1020.2,1232,18562.85
1344,20200816,44,7,2,4,1297.0,1086,54290.55
1345,20200816,44,1,6,4,1269.6,1309,24204.08
1346,20200816,44,1,2,4,326.5,401,15739.88
1347,20200816,44,1,3,4,3534.8,5068,118154.87
1348,20200818,44,4,1,4,329.1,355,13462.62
1349,20200818,44,4,3,4,449.0,594,17037.33
1350,20200818,44,4,5,4,595.1,769,31697.08
1351,20200818,44,5,1,4,555.9,806,23105.13
1352,20200818,44,3,4,4,1371.5,1437,76485.59
1353,20200818,44,3,6,4,899.6,1334,50002.22
1354,20200820,44,7,6,4,702.3,1048,25460.23
1355,20200820,44,7,2,4,547.6,641,16142.24
1356,20200820,44,4,2,4,461.5,571,15419.39
1357,20200820,44,6,6,4,793.6,1112,36909.12
1358,20200820,44,6,1,4,2410.3,2727,57163.91
1359,20200820,44,6,2,4,1215.5,1535,68075.93
1360,20200822,44,4,5,4,165.1,232,8036.13
1361,20200822,44,4,4,4,404.6,475,19758.41
1362,20200822,44,5,5,4,422.5,489,24001.56
1363,20200824,44,7,6,4,236.2,211,5379.58
1364,20200824,44,3,2,4,144.2,206,8407.31
1365,20200824,44,3,4,4,233.3,323,9013.34
1366,20200824,44,3,5,4,583.1,769,14516.12
1367,20200824,44,5,4,4,128.6,135,7481.28
1368,20200826,44,1,3,4,1342.2,1323,54673.36
1369,20200826,44,1,1,4,364.4,412,20964.04
1370,20200826,44,1,2,4,575.2,836,19812.92
1371,20200826,44,7,3,4,1061.9,1181,42918.63
1372,20200826,44,7,5,4,284.0,315,11786.7
1373,20200826,44,7,1,4,467.3,374,12167.58
1374,20200826,44,3,6,4,297.0,282,7189.39
1375,20200826,44,3,2,4,601.4,487,29908.37
1376,20200828,44,3,5,4,538.2,538,19599.47
1377,20200828,44,6,1,4,835.2,812,40026.18
1378,20200828,44,6,6,4,68.6,58,3494.55
1379,20200828,44,6,2,4,278.5,364,5034.08
1380,20200828,44,4,4,4,489.4,555,23360.47
1381,20200828,44,4,6,4,503.1,467,17577.52
1382,20200828,44,4,2,4,500.6,589,22426.06
1383,20200830,44,7,2,4,183.3,217,5118.57
1384,20200830,44,7,3,4,177.1,171,8066.01
1385,20200830,44,4,1,4,227.7,263,12512.53
1386,20200830,44,4,5,4,180.9,202,4154.71
1387,20200901,44,5,4,4,1028.8,1085,54893.11
1388,20200901,44,5,2,4,566.2,536,28268.57
1389,20200901,44,6,4,4,926.1,886,22025.3
1390,20200903,44,7,4,4,519.9,607,18362.65
1391,20200903,44,5,3,4,225.9,319,12209.59
1392,20200903,44,5,1,4,282.7,346,11336.1
1393,20200903,44,4,6,4,357.5,324,15763.63
1394,20200903,44,4,1,4,554.0,718,9503.29
1395,20200905,44,4,5,4,197.2,255,4971.25
1396,20200905,44,7,1,4,540.7,566,19849.27
1397,20200905,44,7,6,4,828.4,936,38457.72
1398,20200905,44,7,3,4,98.7,79,2817.2
1399,20200907,44,5,1,4,286.5,388,6907.81
1400,20200907,44,5,2,4,367.5,475,17459.74
1401,20200907,44,2,3,4,559.0,533,8606.74
1402,20200907,44,2,5,4,161.3,167,8366.63
1403,20200907,44,4,5,4,867.8,799,26328.57
1404,20200907,44,4,4,4,60.8,52,1872.93
1405,20200907,44,4,3,4,141.2,119,8105.65
1406,20200907,44,3,4,4,168.9,205,7431.0
1407,20200907,44,3,1,4,90.6,79,4755.99
1408,20200907,44,3,5,4,579.6,747,13954.74
1409,20200909,44,2,3,4,1091.0,1250,19075.91
1410,20200909,44,2,5,4,384.2,556,20490.41
1411,20200909,44,2,6,4,1231.0,1182,25202.3
1412,20200909,44,1,1,4,103.9,153,4246.7
1413,20200909,44,1,6,4,193.7,243,7047.99
1414,20200909,44,1,2,4,340.6,341,7083.32
1415,20200909,44,3,2,4,806.1,976,44342.88
1416,20200909,44,3,4,4,22.1,29,610.55
1417,20200909,44,5,3,4,371.9,482,7828.27
1418,20200911,44,2,4,4,496.0,514,9853.82
1419,20200911,44,7,6,4,831.2,714,48732.17
1420,20200911,44,1,1,4,26.7,32,1103.64
1421,20200911,44,1,4,4,503.2,723,14434.27
1422,20200911,44,4,6,4,1191.8,1731,37963.75
1423,20200913,44,5,5,4,32.8,35,1377.9
1424,20200913,44,5,6,4,1237.1,1236,64162.66
1425,20200913,44,5,2,4,406.6,568,7780.42
1426,20200913,44,1,1,4,256.2,232,4605.86
1427,20200913,44,1,5,4,752.2,669,21857.63
1428,20200913,44,4,1,4,1700.7,2141,72099.69
1429,20200913,44,4,5,4,499.0,564,16793.07
1430,20200913,44,4,4,4,251.1,315,6054.22
1431,20200913,44,7,4,4,557.9,781,10294.78
1432,20200913,44,7,5,4,363.3,360,17168.07
1433,20200913,44,7,2,4,153.1,157,2471.3
1434,20200701,46,1,5,4,2841.7,3780,114680.13
1435,20200701,46,1,6,4,1401.3,1642,43518.54
1436,20200701,46,6,1,4,2940.1,2382,151149.5
1437,20200701,46,6,3,4,3113.0,4210,64933.29
1438,20200701,46,5,2,4,4663.1,4813,200975.51
1439,20200701,46,5,6,4,1411.7,1975,52342.22
1440,20200701,46,5,1,4,4459.2,4097,66919.65
1441,20200701,46,3,2,4,1116.7,1126,44910.43
1442,20200701,46,3,4,4,2344.8,2983,41042.77
1443,20200701,46,3,5,4,1830.2,1843,32973.37
1444,20200703,46,3,6,4,678.5,871,13890.81
1445,20200703,46,2,3,4,895.4,1190,44858.02
1446,20200703,46,2,6,4,5452.7,6002,84496.48
1447,20200705,46,2,5,4,1975.7,2852,110978.89
1448,20200705,46,2,1,4,2862.5,4041,171464.6
1449,20200705,46,5,6,4,2742.3,2637,53282.04
1450,20200705,46,6,4,4,1172.8,1181,63554.19
1451,20200705,46,6,2,4,357.1,427,6601.66
1452,20200707,46,5,3,4,1431.7,1534,33433.32
1453,20200707,46,5,4,4,1228.8,1399,23454.99
1454,20200707,46,5,1,4,4155.2,4021,223045.93
1455,20200707,46,7,3,4,540.1,704,32244.93
1456,20200707,46,7,5,4,769.4,642,35581.68
1457,20200707,46,2,3,4,2100.3,3082,79801.35
1458,20200707,46,2,1,4,2082.3,3076,110616.12
1459,20200707,46,2,6,4,705.3,787,38438.23
1460,20200707,46,1,5,4,1007.5,987,49197.18
1461,20200707,46,1,4,4,1346.1,1663,29770.31
1462,20200707,46,1,6,4,985.0,1096,55421.99
1463,20200709,46,3,3,4,267.0,214,10398.87
1464,20200709,46,6,1,4,1341.5,1441,55695.36
1465,20200709,46,6,6,4,819.2,1198,15990.64
1466,20200709,46,6,2,4,1033.5,1521,17259.75
1467,20200711,46,5,6,4,1166.3,1191,51834.79
1468,20200711,46,5,2,4,2690.4,2608,134023.81
1469,20200711,46,5,4,4,2763.2,3892,97272.91
1470,20200711,46,1,2,4,1657.6,2439,49414.97
1471,20200711,46,6,6,4,2350.1,3256,53710.51
1472,20200711,46,6,4,4,494.8,534,20267.75
1473,20200711,46,6,1,4,888.1,1061,31221.25
1474,20200711,46,2,6,4,1478.7,1702,44716.75
1475,20200711,46,2,2,4,1951.2,2303,50188.39
1476,20200711,46,2,1,4,4470.1,5319,108658.51
1477,20200713,46,6,1,4,358.7,400,17106.35
1478,20200713,46,3,2,4,3668.5,3951,217343.45
1479,20200713,46,1,5,4,1082.1,1115,47900.73
1480,20200713,46,1,1,4,2062.3,2731,78252.6
1481,20200715,46,7,4,4,1206.4,1441,69794.54
1482,20200715,46,7,6,4,3610.9,4351,159263.28
1483,20200715,46,2,3,4,1359.7,2017,73226.56
1484,20200715,46,2,1,4,2506.1,2818,84401.73
1485,20200715,46,3,6,4,2941.1,3480,47287.78
1486,20200715,46,3,1,4,1224.6,1477,52843.37
1487,20200715,46,4,1,4,1275.0,1525,54247.1
1488,20200715,46,4,5,4,1074.1,1064,27929.65
1489,20200715,46,4,6,4,497.8,702,24104.91
1490,20200717,46,5,1,4,2001.3,2171,53612.63
1491,20200717,46,5,3,4,2575.3,2595,88062.07
1492,20200717,46,5,5,4,983.8,863,46754.4
1493,20200717,46,1,1,4,2514.9,2146,91257.12
1494,20200717,46,1,3,4,898.7,1215,44215.93
1495,20200717,46,1,4,4,851.7,1262,25329.24
1496,20200717,46,6,4,4,1016.4,1007,27786.16
1497,20200717,46,6,1,4,5068.7,4459,155331.47
1498,20200717,46,3,2,4,2186.9,3054,91984.39
1499,20200717,46,3,5,4,3633.3,4611,83140.33
1500,20200719,46,2,5,4,5278.7,4278,109919.08
1501,20200719,46,2,3,4,1025.8,1129,37887.74
1502,20200719,46,6,2,4,1885.6,1897,29443.07
1503,20200719,46,6,3,4,668.3,717,14655.05
1504,20200719,46,6,5,4,3666.1,3526,111713.44
1505,20200721,46,5,1,4,347.8,487,17005.54
1506,20200721,46,7,1,4,138.8,196,2327.12
1507,20200723,46,5,2,4,2285.9,2891,104354.07
1508,20200723,46,5,3,4,1409.5,1231,38770.4
1509,20200723,46,4,4,4,898.1,1064,30179.52
1510,20200723,46,7,5,4,1504.2,1849,57102.17
1511,20200723,46,7,2,4,955.9,1161,24378.12
1512,20200723,46,7,6,4,1436.0,1600,73603.35
1513,20200723,46,1,2,4,2055.1,2065,93667.06
1514,20200725,46,7,6,4,2540.4,3388,45919.83
1515,20200725,46,3,1,4,724.3,1034,29812.38
1516,20200725,46,3,5,4,400.0,462,23848.76
1517,20200725,46,3,4,4,702.9,874,24551.72
1518,20200725,46,2,5,4,4383.8,4514,80606.03
1519,20200725,46,2,1,4,1162.2,1089,42811.26
1520,20200725,46,2,3,4,1181.8,1013,46992.27
1521,20200725,46,1,1,4,3343.4,4113,197171.83
1522,20200725,46,1,3,4,1055.3,1559,52481.59
1523,20200725,46,1,6,4,990.9,1024,59098.99
1524,20200727,46,6,3,4,2589.6,3041,131776.99
1525,20200727,46,6,6,4,1955.6,1995,78712.81
1526,20200727,46,5,6,4,2882.0,3134,142234.14
1527,20200729,46,2,3,4,1283.4,1724,40701.44
1528,20200729,46,1,4,4,1059.0,935,59919.86
1529,20200729,46,1,3,4,847.5,1229,39680.96
1530,20200729,46,3,6,4,459.3,560,20771.35
1531,20200729,46,3,3,4,233.7,266,13915.44
1532,20200729,46,3,2,4,836.7,1117,41316.72
1533,20200729,46,6,5,4,307.1,263,4764.49
1534,20200729,46,6,3,4,258.5,253,14244.73
1535,20200729,46,6,6,4,5233.0,5589,300845.51
1536,20200731,46,2,2,4,925.1,963,39922.71
1537,20200731,46,1,6,4,911.4,1340,20741.48
1538,20200731,46,1,4,4,1539.6,1893,70183.25
1539,20200731,46,1,3,4,308.6,293,10456.75
1540,20200731,46,3,2,4,418.3,337,24534.37
1541,20200731,46,3,3,4,1548.2,1875,37224.66
1542,20200802,46,4,4,4,1007.9,1359,20225.85
1543,20200802,46,4,5,4,1148.4,1687,34930.82
1544,20200802,46,7,2,4,1081.2,1007,40569.08
1545,20200802,46,3,5,4,724.7,743,21997.61
1546,20200802,46,3,1,4,1413.1,1592,72833.29
1547,20200802,46,3,3,4,1444.0,1351,64296.61
1548,20200804,46,5,6,4,671.2,655,19950.5
1549,20200804,46,5,1,4,244.9,328,5274.69
1550,20200804,46,2,1,4,1167.9,1567,35247.02
1551,20200804,46,2,6,4,678.4,615,35532.05
1552,20200804,46,2,5,4,1129.9,1126,59703.92
1553,20200806,46,5,5,4,873.3,872,48930.08
1554,20200806,46,4,5,4,608.8,514,28711.58
1555,20200806,46,4,6,4,1843.8,2216,69205.17
1556,20200806,46,7,6,4,1013.2,1134,24573.47
1557,20200806,46,7,2,4,756.3,743,34580.66
1558,20200806,46,2,4,4,2704.1,3419,146581.91
1559,20200806,46,2,2,4,661.7,601,25871.59
1560,20200808,46,6,5,4,1907.4,2518,73935.84
1561,20200808,46,6,1,4,552.8,459,13696.5
1562,20200808,46,6,4,4,1633.7,2418,35002.54
1563,20200808,46,3,5,4,1176.0,1033,47969.93
1564,20200808,46,3,1,4,557.9,615,12145.59
1565,20200808,46,2,2,4,2115.3,2697,110947.82
1566,20200808,46,2,5,4,3721.8,4660,220958.57
1567,20200808,46,2,6,4,368.1,522,14835.43
1568,20200808,46,4,2,4,92.2,89,4838.49
1569,20200808,46,4,4,4,778.7,1120,19809.02
1570,20200808,46,4,6,4,1000.3,1016,54474.97
1571,20200810,46,5,2,4,869.6,705,45009.38
1572,20200810,46,5,4,4,431.0,486,14705.31
1573,20200810,46,5,3,4,594.7,547,29318.94
1574,20200810,46,7,2,4,347.6,311,13837.91
1575,20200812,46,2,2,4,403.8,522,18417.16
1576,20200812,46,2,1,4,335.2,350,8235.21
1577,20200812,46,1,2,4,262.9,260,4988.28
1578,20200812,46,1,5,4,1002.8,847,48382.33
1579,20200812,46,1,3,4,990.2,1064,17710.8
1580,20200812,46,3,4,4,1338.4,1264,40307.42
1581,20200812,46,3,6,4,476.3,405,28410.21
1582,20200814,46,1,1,4,1154.2,1602,59212.96
1583,20200814,46,1,5,4,2766.7,2575,123037.19
1584,20200814,46,6,3,4,843.1,1239,20289.28
1585,20200814,46,6,6,4,754.3,773,44903.79
1586,20200814,46,6,2,4,807.5,890,29121.5
1587,20200816,46,6,6,4,2391.9,3323,105644.39
1588,20200816,46,6,1,4,197.5,160,8220.96
1589,20200816,46,6,3,4,238.1,299,4146.84
1590,20200816,46,4,2,4,1004.8,908,41305.25
1591,20200816,46,4,5,4,1676.8,1446,31089.15
1592,20200816,46,3,3,4,1368.0,2000,33923.4
1593,20200816,46,3,6,4,502.5,641,22075.78
1594,20200818,46,7,5,4,543.7,620,11445.19
1595,20200818,46,4,4,4,1321.1,1547,60418.39
1596,20200818,46,5,2,4,207.8,294,8596.84
1597,20200820,46,5,2,4,339.1,485,10972.58
1598,20200820,46,5,6,4,1098.7,1436,19423.56
1599,20200820,46,6,2,4,248.2,339,4948.51
1600,20200822,46,5,2,4,686.8,835,20961.14
1601,20200822,46,5,4,4,600.1,522,30656.96
1602,20200822,46,5,3,4,375.4,499,19524.18
1603,20200822,46,6,1,4,316.7,422,18259.74
1604,20200822,46,6,4,4,276.4,391,12090.14
1605,20200822,46,6,5,4,177.2,145,8203.72
1606,20200822,46,1,2,4,75.2,89,3015.13
1607,20200822,46,1,5,4,496.6,532,25788.63
1608,20200824,46,6,2,4,83.5,102,4617.42
1609,20200824,46,4,2,4,242.5,304,4529.09
1610,20200826,46,5,2,4,205.1,186,8894.98
1611,20200826,46,5,1,4,768.8,723,22248.89
1612,20200826,46,5,6,4,659.8,693,37054.32
1613,20200826,46,2,2,4,1353.3,1109,24208.91
1614,20200826,46,2,5,4,695.0,905,17159.46
1615,20200826,46,6,5,4,872.3,1153,28944.09
1616,20200826,46,6,6,4,745.1,994,44435.3
1617,20200826,46,1,1,4,194.3,183,8977.2
1618,20200826,46,1,3,4,78.3,84,1808.18
1619,20200826,46,1,6,4,356.5,343,17154.53
1620,20200828,46,4,4,4,68.9,81,3494.57
1621,20200828,46,4,2,4,697.2,877,24446.09
1622,20200828,46,5,4,4,100.0,138,4913.01
1623,20200830,46,2,6,4,216.6,187,8930.23
1624,20200830,46,5,3,4,301.6,312,14746.43
1625,20200830,46,5,4,4,769.2,747,36765.45
1626,20200830,46,5,1,4,196.3,211,4803.25
1627,20200830,46,7,4,4,688.0,633,31458.15
1628,20200830,46,3,2,4,398.5,483,19141.1
1629,20200830,46,3,1,4,952.6,1172,20753.04
1630,20200901,46,2,6,4,385.4,560,8156.39
1631,20200901,46,2,4,4,64.3,83,1372.15
1632,20200901,46,2,2,4,343.6,318,17481.22
1633,20200901,46,5,1,4,43.0,39,1925.76
1634,20200901,46,5,2,4,243.2,215,4881.37
1635,20200901,46,5,4,4,402.9,338,16201.48
1636,20200903,46,5,4,4,308.5,441,17220.56
1637,20200903,46,1,2,4,510.2,704,20732.92
1638,20200903,46,1,5,4,429.5,409,12766.46
1639,20200903,46,1,1,4,133.9,150,3412.74
1640,20200903,46,7,6,4,504.1,729,24531.53
1641,20200903,46,7,4,4,680.1,632,37583.67
1642,20200903,46,7,5,4,1141.2,985,55634.28
1643,20200903,46,6,1,4,255.2,228,5817.07
1644,20200903,46,6,5,4,132.2,166,6962.36
1645,20200905,46,2,5,4,694.0,713,15117.52
1646,20200905,46,2,6,4,285.4,312,12157.4
1647,20200905,46,4,4,4,450.0,654,12806.05
1648,20200905,46,6,3,4,1016.0,1323,43188.89
1649,20200907,46,7,5,4,255.6,279,5884.52
1650,20200907,46,7,6,4,129.0,172,4729.27
1651,20200907,46,2,3,4,593.0,578,23376.98
1652,20200907,46,2,2,4,460.3,379,27286.96
1653,20200907,46,1,6,4,35.0,32,1771.73
1654,20200909,46,7,1,4,206.7,225,11959.44
1655,20200909,46,7,4,4,345.3,381,13861.22
1656,20200909,46,7,2,4,880.5,1133,15300.54
1657,20200909,46,1,3,4,508.0,521,18622.76
1658,20200909,46,1,4,4,504.2,504,21005.92
1659,20200909,46,1,6,4,292.8,254,14830.7
1660,20200909,46,5,2,4,331.7,364,12628.08
1661,20200909,46,6,6,4,415.9,510,23704.9
1662,20200909,46,6,5,4,127.5,170,2047.35
1663,20200911,46,3,3,4,173.4,159,5513.9
1664,20200911,46,3,5,4,294.3,297,13110.47
1665,20200911,46,3,6,4,318.2,314,17001.44
1666,20200911,46,5,4,4,624.8,698,13579.19
1667,20200911,46,5,2,4,265.9,228,10170.52
1668,20200911,46,5,6,4,251.6,294,7557.99
1669,20200911,46,4,5,4,94.5,128,4073.26
1670,20200911,46,4,4,4,85.1,125,3268.18
1671,20200911,46,4,2,4,320.8,373,16057.48
1672,20200913,46,5,3,4,144.9,183,6820.78
1673,20200913,46,5,5,4,239.4,253,4402.8
1674,20200913,46,7,6,4,345.0,436,13659.63
1675,20200913,46,7,4,4,546.0,725,27938.19
1676,20200913,46,4,2,4,215.4,184,6522.4
1677,20200913,46,4,1,4,1973.3,2895,99184.02
1678,20200913,46,4,6,4,437.1,649,13933.36
1679,20200701,24,2,2,4,626.0,756,37137.72
1680,20200701,24,2,5,4,1983.1,1983,107336.6
1681,20200701,24,5,1,4,83.0,83,2387.17
1682,20200701,24,3,4,4,2939.1,3840,132663.73
1683,20200701,24,3,6,4,1061.5,1191,53297.78
1684,20200701,24,3,1,4,3206.3,4008,175383.19
1685,20200703,24,3,6,4,1009.2,1051,45666.44
1686,20200703,24,4,4,4,1583.8,1805,56982.84
1687,20200703,24,4,3,4,937.6,1353,42330.22
1688,20200703,24,4,1,4,2219.5,2093,101492.58
1689,20200703,24,2,6,4,2768.8,4019,110426.97
1690,20200703,24,6,4,4,2525.3,3075,51827.5
1691,20200705,24,1,5,4,2958.6,4102,113042.57
1692,20200705,24,3,2,4,1059.7,1531,17624.25
1693,20200705,24,3,3,4,1245.9,1118,51218.77
1694,20200705,24,6,5,4,2564.4,2901,124618.3
1695,20200705,24,6,3,4,2720.3,3027,61997.39
1696,20200705,24,5,2,4,3060.4,2976,65626.87
1697,20200705,24,5,4,4,501.9,414,26309.91
1698,20200707,24,2,4,4,2024.4,2126,111828.39
1699,20200707,24,2,3,4,568.8,758,19521.46
1700,20200707,24,4,2,4,2320.4,2101,63921.66
1701,20200707,24,4,5,4,1616.5,2331,29929.39
1702,20200707,24,3,5,4,1587.9,1862,88035.06
1703,20200709,24,2,4,4,1428.5,1493,39001.3
1704,20200709,24,2,6,4,862.1,1253,14288.6
1705,20200709,24,2,2,4,2813.6,4083,138711.79
1706,20200709,24,1,6,4,3113.8,2936,123105.97
1707,20200709,24,3,4,4,2149.5,2013,90248.66
1708,20200709,24,7,2,4,1971.6,1589,47338.0
1709,20200711,24,4,6,4,736.1,784,11359.02
1710,20200711,24,4,3,4,660.2,583,12957.34
1711,20200711,24,4,4,4,1802.9,1898,96979.43
1712,20200711,24,2,3,4,840.6,1211,31444.5
1713,20200711,24,2,5,4,4145.9,3576,183824.3
1714,20200711,24,5,1,4,971.5,1314,54629.57
1715,20200711,24,5,4,4,4120.2,6127,215893.53
1716,20200711,24,5,6,4,292.0,285,14531.0
1717,20200713,24,2,6,4,741.7,603,43346.8
1718,20200713,24,2,1,4,868.3,1192,23805.76
1719,20200713,24,1,6,4,518.3,540,23107.21
1720,20200713,24,1,3,4,912.6,771,17781.78
1721,20200713,24,7,3,4,3617.2,3513,147750.46
1722,20200713,24,7,6,4,1184.8,1187,39578.66
1723,20200713,24,3,5,4,557.4,505,24084.37
1724,20200713,24,3,3,4,1633.1,1523,49325.21
1725,20200713,24,3,6,4,520.7,631,13047.41
1726,20200715,24,4,6,4,4133.9,4730,215021.17
1727,20200715,24,4,5,4,1766.3,2607,67374.97
1728,20200715,24,1,5,4,1446.5,1922,78997.86
1729,20200717,24,6,3,4,1379.2,1306,54548.53
1730,20200717,24,6,6,4,1638.4,1709,93243.19
1731,20200717,24,7,5,4,1904.2,1684,56495.82
1732,20200717,24,7,4,4,596.2,555,30422.93
1733,20200717,24,7,6,4,1241.8,1238,19737.91
1734,20200717,24,5,4,4,405.1,595,13209.28
1735,20200717,24,2,3,4,1999.5,2606,80623.02
1736,20200717,24,2,4,4,1364.9,1750,75446.86
1737,20200717,24,2,2,4,2992.1,3029,150306.08
1738,20200719,24,6,6,4,2618.0,3125,68646.2
1739,20200719,24,6,5,4,1830.0,2158,50713.78
1740,20200719,24,3,4,4,3075.3,3216,54892.16
1741,20200719,24,3,1,4,478.0,501,21662.38
1742,20200719,24,3,5,4,3674.8,4716,73967.44
1743,20200721,24,3,3,4,406.6,443,14031.54
1744,20200721,24,3,6,4,2545.8,3292,73568.46
1745,20200721,24,2,3,4,971.7,1163,29854.64
1746,20200721,24,2,5,4,1181.3,1389,42663.86
1747,20200721,24,2,4,4,5387.7,5399,114938.24
1748,20200723,24,4,4,4,1502.2,1874,81538.36
1749,20200723,24,4,6,4,435.1,601,23767.86
1750,20200723,24,4,2,4,1001.7,1404,15720.35
1751,20200723,24,3,1,4,970.7,1097,28132.5
1752,20200723,24,5,6,4,1491.4,1371,46025.83
1753,20200725,24,6,6,4,2503.7,3538,73539.39
1754,20200725,24,6,1,4,1866.3,1594,49651.33
1755,20200725,24,6,2,4,1001.0,1044,40325.7
1756,20200725,24,3,4,4,746.0,836,43738.53
1757,20200727,24,1,5,4,2267.2,1910,83931.49
1758,20200727,24,1,1,4,294.7,256,5343.39
1759,20200727,24,7,4,4,1677.4,2005,60504.13
1760,20200729,24,7,2,4,705.5,943,36359.64
1761,20200729,24,7,1,4,1674.3,2352,94883.14
1762,20200729,24,7,4,4,2468.9,2064,143550.36
1763,20200729,24,1,2,4,1834.3,1620,34154.56
1764,20200729,24,1,6,4,847.2,825,31332.27
1765,20200729,24,6,3,4,2113.6,2488,80947.35
1766,20200729,24,6,4,4,26.9,21,521.73
1767,20200729,24,6,2,4,1451.4,2070,82421.07
1768,20200729,24,3,5,4,705.8,1028,19222.44
1769,20200731,24,1,3,4,320.3,455,17074.55
1770,20200731,24,1,6,4,1144.0,1522,22183.38
1771,20200731,24,1,4,4,2639.9,3804,74981.74
1772,20200731,24,7,5,4,1042.8,944,19488.47
1773,20200731,24,7,3,4,2549.2,3519,121943.29
1774,20200802,24,4,5,4,863.3,1264,15310.76
1775,20200802,24,4,4,4,830.1,909,18870.29
1776,20200802,24,4,6,4,1657.7,1550,40074.72
1777,20200802,24,2,6,4,1022.4,1225,56430.65
1778,20200802,24,2,5,4,287.4,368,12945.16
1779,20200802,24,2,3,4,3460.9,4851,173050.35
1780,20200802,24,5,4,4,701.6,938,10923.15
1781,20200802,24,5,5,4,1756.7,1410,65973.7
1782,20200802,24,6,1,4,1835.4,1667,81199.17
1783,20200804,24,3,2,4,3782.6,3516,91539.25
1784,20200804,24,3,3,4,771.3,739,25284.53
1785,20200804,24,7,1,4,513.4,669,10624.15
1786,20200804,24,4,2,4,3441.5,4868,63985.74
1787,20200804,24,4,3,4,2246.3,3191,75223.97
1788,20200804,24,4,5,4,3241.8,3267,70860.27
1789,20200806,24,5,3,4,757.2,1115,31068.9
1790,20200806,24,5,1,4,667.9,708,23772.7
1791,20200806,24,1,3,4,396.8,579,23572.49
1792,20200806,24,1,5,4,609.9,552,20772.33
1793,20200806,24,4,1,4,642.6,719,17495.59
1794,20200808,24,3,2,4,325.3,281,11146.65
1795,20200808,24,3,6,4,1723.0,1936,102546.98
1796,20200808,24,2,6,4,1236.1,1821,61908.27
1797,20200808,24,2,4,4,1214.3,1416,68718.08
1798,20200808,24,2,5,4,1499.8,2085,67919.06
1799,20200808,24,4,3,4,1014.8,917,53103.0
1800,20200808,24,5,4,4,1485.0,2034,65382.65
1801,20200810,24,2,6,4,219.3,303,4152.33
1802,20200810,24,2,5,4,364.0,419,14087.17
1803,20200810,24,5,4,4,816.8,1104,31716.62
1804,20200810,24,5,2,4,565.8,468,24086.15
1805,20200810,24,6,2,4,697.3,948,29616.27
1806,20200810,24,3,3,4,2122.9,2609,91863.35
1807,20200812,24,6,4,4,1380.8,1295,79808.97
1808,20200812,24,6,3,4,2096.4,2663,40829.01
1809,20200812,24,6,6,4,1988.0,1646,78718.32
1810,20200812,24,4,3,4,499.8,748,27678.1
1811,20200814,24,2,1,4,644.2,714,28657.53
1812,20200814,24,2,2,4,1228.8,1260,41901.5
1813,20200814,24,2,6,4,923.1,997,50985.08
1814,20200814,24,1,3,4,629.5,743,36537.7
1815,20200814,24,1,2,4,1095.1,1160,26037.49
1816,20200816,24,4,2,4,708.5,933,35178.0
1817,20200816,24,6,4,4,1118.7,1063,61538.94
1818,20200816,24,1,3,4,577.7,497,31081.02
1819,20200816,24,2,3,4,1059.8,1569,28399.86
1820,20200816,24,2,4,4,40.7,34,1639.43
1821,20200818,24,4,1,4,655.7,710,11013.76
1822,20200818,24,4,2,4,571.2,540,17006.85
1823,20200818,24,6,3,4,894.4,760,42220.44
1824,20200818,24,1,1,4,1020.5,1363,35756.55
1825,20200818,24,1,5,4,392.1,561,6759.62
1826,20200820,24,2,1,4,68.0,55,2453.33
1827,20200820,24,2,6,4,491.5,610,28033.68
1828,20200820,24,7,2,4,1131.4,987,28739.61
1829,20200820,24,7,4,4,217.1,245,12598.67
1830,20200820,24,7,5,4,464.1,626,26632.83
1831,20200820,24,3,6,4,505.5,527,16678.29
1832,20200822,24,2,1,4,749.3,1032,26484.95
1833,20200822,24,2,5,4,761.9,869,37967.59
1834,20200822,24,2,2,4,587.2,721,15135.62
1835,20200822,24,4,4,4,421.6,513,9806.56
1836,20200822,24,4,3,4,1033.7,1128,31955.5
1837,20200824,24,2,5,4,2299.7,2892,66343.42
1838,20200824,24,2,6,4,822.8,1096,43842.99
1839,20200824,24,2,1,4,327.0,383,14609.4
1840,20200824,24,6,4,4,120.5,157,2143.54
1841,20200824,24,6,3,4,1255.0,1134,74454.79
1842,20200824,24,1,3,4,481.1,644,16125.52
1843,20200826,24,7,1,4,1065.8,1102,63254.51
1844,20200826,24,6,6,4,523.8,470,13034.95
1845,20200828,24,3,5,4,263.8,288,13208.5
1846,20200828,24,3,1,4,426.4,634,9864.61
1847,20200828,24,1,2,4,214.0,320,11098.31
1848,20200828,24,1,1,4,497.8,567,26172.51
1849,20200828,24,2,5,4,293.1,290,14525.21
1850,20200830,24,4,1,4,219.6,295,9530.19
1851,20200830,24,4,2,4,1253.7,1741,57010.19
1852,20200830,24,6,4,4,424.4,498,23272.1
1853,20200830,24,5,6,4,218.6,250,12026.2
1854,20200830,24,2,3,4,101.1,107,5559.8
1855,20200830,24,2,1,4,928.4,922,41330.23
1856,20200830,24,2,5,4,6.0,8,300.38
1857,20200901,24,6,2,4,563.4,523,15377.53
1858,20200901,24,2,2,4,157.6,203,6893.83
1859,20200901,24,2,3,4,1010.6,1245,50948.95
1860,20200901,24,5,6,4,422.4,598,18024.21
1861,20200901,24,5,3,4,422.1,497,13380.58
1862,20200901,24,5,4,4,871.8,987,45878.54
1863,20200903,24,2,2,4,812.4,1209,42955.96
1864,20200903,24,2,3,4,792.6,817,30993.37
1865,20200903,24,2,1,4,401.3,476,17734.44
1866,20200903,24,1,6,4,132.3,152,7197.7
1867,20200903,24,1,4,4,421.7,348,9847.06
1868,20200903,24,4,3,4,300.7,325,16317.01
1869,20200903,24,4,5,4,259.9,227,13130.69
1870,20200903,24,4,4,4,372.9,388,18368.02
1871,20200903,24,3,5,4,330.8,308,16977.68
1872,20200905,24,5,6,4,513.9,480,14704.06
1873,20200905,24,5,4,4,286.1,357,17095.26
1874,20200905,24,3,5,4,154.8,182,6318.16
1875,20200905,24,3,6,4,370.3,418,10035.39
1876,20200907,24,1,4,4,672.3,730,11675.58
1877,20200907,24,5,3,4,51.8,46,2950.96
1878,20200907,24,5,5,4,522.8,487,15921.87
1879,20200909,24,4,6,4,182.4,177,10250.56
1880,20200909,24,4,2,4,434.6,524,16695.41
1881,20200909,24,1,5,4,519.7,422,9244.88
1882,20200909,24,5,5,4,163.0,229,5065.58
1883,20200909,24,5,2,4,432.0,474,8684.46
1884,20200911,24,6,2,4,689.7,772,27444.88
1885,20200911,24,6,5,4,194.3,228,6760.07
1886,20200911,24,1,4,4,215.9,250,9162.0
1887,20200911,24,1,5,4,720.2,780,40821.11
1888,20200911,24,1,2,4,420.1,470,24857.05
1889,20200911,24,5,3,4,984.2,1296,26506.18
1890,20200911,24,5,6,4,4.7,5,252.16
1891,20200911,24,5,4,4,428.9,575,20712.43
1892,20200913,24,3,2,4,724.0,623,41031.73
1893,20200913,24,1,1,4,33.8,42,827.46
1894,20200913,24,6,1,4,203.5,204,4762.06
1895,20200913,24,5,2,4,1005.5,1374,57630.91
1896,20200913,24,5,1,4,215.6,183,8644.85
1897,20200701,38,7,6,4,4458.9,3788,220884.1
1898,20200701,38,7,5,4,938.0,1355,16221.61
1899,20200701,38,7,1,4,5714.6,5440,280924.55
1900,20200701,38,1,6,4,1608.3,2325,51348.89
1901,20200701,38,1,4,4,129.2,171,3912.74
1902,20200701,38,1,1,4,1984.8,2148,93424.05
1903,20200701,38,2,5,4,2197.4,2956,96342.17
1904,20200701,38,2,1,4,2831.6,2454,47305.45
1905,20200703,38,5,5,4,4214.3,4504,235690.92
1906,20200703,38,5,2,4,1560.0,1974,42129.63
1907,20200703,38,7,1,4,1377.4,1163,29104.81
1908,20200703,38,2,6,4,1069.9,1329,45696.01
1909,20200703,38,2,4,4,356.1,308,8970.42
1910,20200703,38,2,5,4,2277.5,3383,100539.51
1911,20200705,38,5,3,4,2065.7,3093,40183.76
1912,20200705,38,5,4,4,2808.7,2744,91673.58
1913,20200705,38,7,2,4,822.7,850,24985.12
1914,20200705,38,1,1,4,1486.8,2033,32818.45
1915,20200705,38,1,4,4,4405.8,4653,240625.71
1916,20200705,38,2,6,4,269.0,300,9300.18
1917,20200705,38,2,1,4,1672.6,1503,86889.12
1918,20200705,38,2,4,4,1375.1,1151,58267.65
1919,20200707,38,1,6,4,2302.6,2442,104964.97
1920,20200707,38,1,2,4,2138.6,1998,38673.74
1921,20200707,38,4,4,4,1899.9,2574,77627.81
1922,20200707,38,5,2,4,1416.0,1688,37682.56
1923,20200707,38,5,4,4,1211.8,1589,34486.14
1924,20200707,38,5,5,4,645.4,771,35865.75
1925,20200709,38,5,1,4,1473.7,2150,81251.08
1926,20200709,38,2,4,4,2701.3,2852,46047.73
1927,20200709,38,2,3,4,1802.3,2352,89769.61
1928,20200709,38,7,5,4,1416.8,1790,31322.03
1929,20200709,38,7,1,4,565.2,543,15889.53
1930,20200709,38,7,6,4,1470.6,1685,27653.82
1931,20200709,38,6,4,4,3621.7,4388,96134.29
1932,20200709,38,6,6,4,835.1,1208,45387.68
1933,20200709,38,6,3,4,1794.2,1844,29745.94
1934,20200711,38,2,6,4,2269.4,3257,51185.3
1935,20200711,38,2,1,4,5860.3,4988,146810.56
1936,20200711,38,2,3,4,1596.1,1478,77815.91
1937,20200711,38,3,3,4,1028.6,1317,31595.42
1938,20200711,38,6,4,4,2711.3,3118,144916.36
1939,20200711,38,6,5,4,1617.5,1607,53208.72
1940,20200711,38,6,2,4,2626.3,2232,77810.23
1941,20200713,38,1,3,4,1965.2,1936,49045.79
1942,20200713,38,1,2,4,1188.2,1070,28752.27
1943,20200713,38,1,1,4,1246.5,1811,61087.4
1944,20200713,38,2,6,4,1286.1,1396,34502.25
1945,20200713,38,6,2,4,1753.2,2411,87728.98
1946,20200715,38,2,1,4,1046.4,1481,22974.49
1947,20200715,38,2,3,4,346.1,356,10925.0
1948,20200715,38,2,4,4,1396.5,1142,46482.13
1949,20200715,38,3,1,4,1241.5,1315,28267.5
1950,20200715,38,3,3,4,2202.5,2184,91448.3
1951,20200715,38,1,6,4,1125.7,1104,44556.51
1952,20200715,38,6,2,4,2558.5,3429,147551.26
1953,20200715,38,6,6,4,541.7,560,15914.99
1954,20200715,38,6,3,4,1936.2,2205,75898.43
1955,20200717,38,4,5,4,1051.5,1250,53216.8
1956,20200717,38,4,6,4,290.0,305,11460.6
1957,20200717,38,5,3,4,2091.1,2230,99012.56
1958,20200717,38,2,1,4,1469.9,2056,52945.31
1959,20200717,38,1,2,4,2467.4,2280,54683.85
1960,20200717,38,1,5,4,2638.8,3300,101981.74
1961,20200719,38,1,4,4,1833.4,2724,53876.85
1962,20200719,38,4,3,4,1649.6,1774,96364.75
1963,20200719,38,4,6,4,4098.9,5969,62883.74
1964,20200719,38,4,1,4,4114.7,5898,62535.51
1965,20200719,38,7,3,4,2099.1,2373,34253.57
1966,20200721,38,4,4,4,732.0,780,12451.1
1967,20200721,38,4,5,4,1304.8,1401,77696.23
1968,20200721,38,2,1,4,1594.1,2159,95170.22
1969,20200721,38,2,2,4,4542.2,5036,233495.58
1970,20200721,38,2,5,4,1246.2,1609,60513.99
1971,20200721,38,7,4,4,2007.1,1900,108270.43
1972,20200721,38,7,5,4,1009.4,1337,40034.31
1973,20200721,38,7,1,4,3031.3,3253,60419.58
1974,20200721,38,1,2,4,927.3,764,49929.01
1975,20200723,38,3,2,4,3212.0,2910,130127.02
1976,20200723,38,3,1,4,353.2,469,13652.39
1977,20200723,38,3,3,4,3185.0,4246,98512.76
1978,20200723,38,7,3,4,2076.6,2292,33435.15
1979,20200723,38,7,6,4,587.8,586,10228.84
1980,20200723,38,7,5,4,994.7,847,24020.05
1981,20200723,38,4,5,4,1877.9,2653,102189.73
1982,20200723,38,5,1,4,255.6,251,4712.68
1983,20200723,38,5,3,4,268.5,401,13171.29
1984,20200725,38,7,2,4,1633.6,1960,88534.0
1985,20200725,38,7,6,4,1779.3,2164,81947.28
1986,20200725,38,1,4,4,1412.2,1999,83448.51
1987,20200725,38,1,2,4,60.9,85,2682.41
1988,20200725,38,5,6,4,1123.1,1324,17720.84
1989,20200727,38,5,6,4,673.7,915,11513.67
1990,20200727,38,5,2,4,2566.7,2768,65057.2
1991,20200727,38,5,4,4,1042.3,1004,54569.89
1992,20200727,38,6,5,4,1742.8,1682,55708.12
1993,20200727,38,7,4,4,2095.9,3009,73066.3
1994,20200729,38,5,2,4,1306.8,1097,31698.65
1995,20200729,38,5,6,4,1241.7,1368,54436.28
1996,20200729,38,5,5,4,316.3,466,11558.1
1997,20200729,38,3,5,4,977.3,1319,45318.73
1998,20200729,38,3,2,4,2053.1,2444,83063.82
1999,20200729,38,3,6,4,904.8,1094,31472.48
2000,20200729,38,4,6,4,831.7,780,32762.23
2001,20200729,38,4,5,4,999.9,1225,32464.9
2002,20200731,38,4,5,4,2483.7,3704,86389.98
2003,20200731,38,4,2,4,885.1,739,39298.7
2004,20200731,38,4,3,4,277.5,252,14853.67
2005,20200731,38,2,5,4,4260.5,4749,117672.21
2006,20200802,38,6,6,4,1447.5,2079,65420.58
2007,20200802,38,1,3,4,517.5,616,8828.52
2008,20200802,38,2,4,4,1219.5,1434,57261.61
2009,20200802,38,2,3,4,1656.4,2057,81841.45
2010,20200802,38,3,6,4,1748.6,2592,104536.9
2011,20200802,38,3,3,4,1773.8,2581,49711.12
2012,20200804,38,7,2,4,377.9,329,14132.93
2013,20200804,38,2,1,4,2370.7,2437,104427.03
2014,20200806,38,5,2,4,1295.6,1766,69574.7
2015,20200806,38,5,6,4,540.3,555,20675.76
2016,20200806,38,5,1,4,403.6,479,8030.16
2017,20200806,38,3,1,4,1892.9,2113,90954.09
2018,20200806,38,3,4,4,4305.7,4048,169712.0
2019,20200806,38,7,5,4,983.3,1055,44509.59
2020,20200806,38,2,4,4,804.4,875,15573.3
2021,20200806,38,2,3,4,1038.1,868,62110.45
2022,20200806,38,2,2,4,702.7,915,24428.42
2023,20200808,38,4,2,4,1084.1,1568,45498.07
2024,20200808,38,7,1,4,1369.1,1651,62554.02
2025,20200808,38,2,1,4,545.9,582,26235.66
2026,20200808,38,2,3,4,1061.2,976,26039.89
2027,20200810,38,2,1,4,1376.1,1270,59963.25
2028,20200810,38,6,4,4,1665.8,1873,38540.75
2029,20200810,38,7,4,4,490.6,733,21103.94
2030,20200810,38,7,3,4,349.0,485,9296.61
2031,20200810,38,7,6,4,524.4,506,29302.01
2032,20200812,38,4,5,4,3095.7,3843,100187.66
2033,20200812,38,7,4,4,843.7,1049,35096.06
2034,20200812,38,7,3,4,416.9,454,18047.93
2035,20200812,38,7,6,4,561.0,463,14566.22
2036,20200814,38,6,1,4,778.2,1019,20162.16
2037,20200814,38,6,4,4,200.9,285,11246.48
2038,20200814,38,6,5,4,663.5,533,31057.11
2039,20200814,38,5,2,4,959.6,893,41898.5
2040,20200814,38,7,5,4,896.1,1325,27340.27
2041,20200814,38,7,4,4,842.0,993,27160.89
2042,20200814,38,7,1,4,1380.1,1608,43057.48
2043,20200814,38,1,4,4,1394.2,1664,28677.62
2044,20200814,38,1,5,4,855.8,1259,32680.0
2045,20200814,38,1,1,4,646.3,543,26665.58
2046,20200816,38,3,3,4,1425.5,1400,76392.39
2047,20200816,38,3,6,4,508.1,412,16545.27
2048,20200816,38,4,2,4,225.1,189,9333.59
2049,20200816,38,4,4,4,1259.3,1371,42703.45
2050,20200818,38,5,4,4,642.3,940,11751.15
2051,20200818,38,1,4,4,218.9,255,8368.65
2052,20200818,38,1,1,4,539.9,685,16484.27
2053,20200818,38,1,5,4,877.5,856,25377.04
2054,20200818,38,7,5,4,238.5,271,8506.27
2055,20200820,38,5,4,4,845.4,703,48858.68
2056,20200820,38,5,1,4,1535.3,1715,83780.85
2057,20200820,38,2,4,4,826.5,799,19807.8
2058,20200820,38,4,6,4,1206.0,1515,56521.39
2059,20200820,38,4,2,4,622.9,744,20624.52
2060,20200820,38,4,4,4,673.7,701,30416.01
2061,20200820,38,7,3,4,837.6,813,39503.31
2062,20200822,38,6,6,4,2001.6,2440,70009.99
2063,20200822,38,6,1,4,689.1,691,32522.28
2064,20200822,38,6,5,4,343.4,433,15899.88
2065,20200822,38,7,6,4,1009.6,1290,32990.04
2066,20200822,38,2,6,4,140.6,180,2698.61
2067,20200822,38,2,3,4,341.5,470,18300.22
2068,20200824,38,5,6,4,457.5,416,7308.05
2069,20200824,38,5,5,4,951.7,811,56610.55
2070,20200824,38,6,2,4,1155.3,1469,19576.44
2071,20200824,38,6,4,4,926.6,851,42976.74
2072,20200824,38,6,5,4,159.0,153,4835.39
2073,20200826,38,7,5,4,456.2,455,14602.72
2074,20200826,38,7,2,4,329.4,339,11231.54
2075,20200826,38,2,2,4,673.3,714,34032.64
2076,20200828,38,7,4,4,408.5,511,23890.07
2077,20200828,38,6,3,4,279.9,417,8005.48
2078,20200828,38,6,4,4,86.5,95,2613.62
2079,20200830,38,6,2,4,171.1,172,9391.61
2080,20200830,38,2,5,4,806.5,886,20772.34
2081,20200830,38,1,1,4,157.9,191,4860.78
2082,20200830,38,1,4,4,292.7,324,12625.43
2083,20200901,38,7,5,4,299.2,422,11851.93
2084,20200901,38,4,2,4,646.2,567,14860.47
2085,20200901,38,4,6,4,356.4,493,14089.77
2086,20200901,38,5,6,4,1324.8,1690,26339.22
2087,20200901,38,5,4,4,666.8,883,28941.01
2088,20200901,38,5,5,4,166.5,210,7245.57
2089,20200903,38,4,1,4,245.3,301,12662.06
2090,20200903,38,4,2,4,353.8,418,15679.15
2091,20200903,38,4,3,4,255.7,382,4464.0
2092,20200903,38,1,6,4,166.2,177,3656.28
2093,20200903,38,1,5,4,361.1,528,10878.11
2094,20200903,38,1,2,4,536.6,664,8055.1
2095,20200903,38,5,2,4,1393.1,1842,52850.76
2096,20200905,38,1,1,4,539.1,553,12520.5
2097,20200905,38,1,2,4,452.7,673,21681.29
2098,20200905,38,6,6,4,512.2,427,19321.84
2099,20200907,38,7,1,4,492.8,676,15693.3
2100,20200907,38,5,4,4,1186.1,1084,32249.91
2101,20200907,38,3,2,4,332.2,453,14746.65
2102,20200907,38,6,3,4,259.4,325,4507.14
2103,20200907,38,6,5,4,510.4,684,16912.1
2104,20200907,38,6,2,4,129.3,165,7545.0
2105,20200909,38,6,1,4,446.8,669,10747.01
2106,20200909,38,5,3,4,89.3,93,3452.8
2107,20200909,38,5,6,4,52.1,53,897.04
2108,20200909,38,3,1,4,651.7,786,33669.81
2109,20200909,38,3,4,4,674.3,810,25037.25
2110,20200911,38,1,6,4,321.4,384,8749.14
2111,20200911,38,3,3,4,463.5,401,15204.09
2112,20200911,38,3,5,4,141.8,195,2612.6
2113,20200911,38,4,5,4,754.5,756,40018.74
2114,20200911,38,4,2,4,243.4,279,14347.56
2115,20200911,38,2,2,4,325.0,334,5320.82
2116,20200911,38,2,5,4,521.6,561,29911.62
2117,20200911,38,2,1,4,376.3,302,9293.69
2118,20200913,38,5,5,4,771.3,1024,16624.65
2119,20200913,38,5,1,4,475.3,432,20553.45
2120,20200913,38,5,4,4,686.6,894,21068.05
2121,20200913,38,6,6,4,637.6,784,21708.15
2122,20200913,38,6,5,4,79.7,85,4532.67
2123,20200913,38,6,3,4,800.9,687,43909.11
2124,20200520,26,6,6,5,709.1,580,42224.45
2125,20200520,26,6,2,5,798.5,1155,47762.18
2126,20200520,26,5,6,5,590.1,671,19637.19
2127,20200520,26,5,5,5,892.8,988,50919.47
2128,20200520,26,5,2,5,2761.0,2492,69958.38
2129,20200520,26,4,3,5,1073.3,963,40856.54
2130,20200520,26,4,2,5,429.9,391,16910.78
2131,20200520,26,4,6,5,130.6,133,5059.27
2132,20200522,26,1,4,5,669.1,717,14424.69
2133,20200522,26,6,5,5,1120.6,1381,20208.98
2134,20200522,26,7,6,5,3030.3,2464,179843.37
2135,20200522,26,5,3,5,393.3,528,11662.95
2136,20200522,26,5,2,5,43.5,35,1357.24
2137,20200524,26,3,5,5,422.7,542,9106.66
2138,20200524,26,7,1,5,1236.3,1117,66825.06
2139,20200524,26,2,6,5,771.2,862,29827.26
2140,20200524,26,2,2,5,716.1,876,26191.41
2141,20200524,26,2,1,5,327.6,279,13900.15
2142,20200524,26,1,1,5,291.0,335,13455.97
2143,20200524,26,1,6,5,815.8,881,14999.78
2144,20200524,26,1,2,5,530.9,673,30449.76
2145,20200526,26,6,1,5,706.9,802,28455.73
2146,20200526,26,7,2,5,1676.1,1821,88383.64
2147,20200526,26,7,3,5,677.7,970,37121.92
2148,20200526,26,7,5,5,163.6,204,5356.38
2149,20200526,26,5,6,5,1068.4,1524,22678.59
2150,20200526,26,5,1,5,539.5,789,16862.74
2151,20200528,26,4,2,5,1303.2,1948,46272.85
2152,20200528,26,4,1,5,521.4,706,19414.08
2153,20200528,26,3,1,5,539.5,472,17643.6
2154,20200528,26,3,4,5,1044.3,1508,27491.8
2155,20200528,26,7,3,5,199.2,293,8733.5
2156,20200528,26,7,1,5,343.7,408,6523.6
2157,20200528,26,6,3,5,780.8,1115,39257.25
2158,20200528,26,6,2,5,1299.9,1883,77405.24
2159,20200530,26,1,4,5,173.6,234,2820.59
2160,20200530,26,1,2,5,456.7,386,21874.38
2161,20200530,26,1,6,5,25.8,33,759.7
2162,20200530,26,4,2,5,401.1,504,16106.37
2163,20200530,26,2,4,5,986.3,1337,24972.48
2164,20200530,26,2,2,5,109.9,148,5149.38
2165,20200530,26,2,1,5,365.5,491,10865.07
2166,20200601,26,6,1,5,288.1,255,10895.12
2167,20200601,26,3,5,5,295.1,334,10026.22
2168,20200601,26,1,3,5,256.3,213,8015.2
2169,20200601,26,1,4,5,172.7,182,5879.71
2170,20200601,26,1,1,5,741.2,1086,14748.93
2171,20200603,26,2,6,5,235.4,351,8659.75
2172,20200603,26,6,3,5,158.2,197,6328.56
2173,20200603,26,6,2,5,411.1,471,14710.76
2174,20200603,26,1,3,5,279.0,312,9932.42
2175,20200603,26,1,4,5,529.2,616,16152.93
2176,20200603,26,1,1,5,211.4,310,11301.51
2177,20200605,26,6,6,5,195.0,291,5578.55
2178,20200605,26,6,1,5,120.3,144,6325.46
2179,20200605,26,4,2,5,258.8,373,4826.2
2180,20200605,26,4,1,5,75.5,86,2654.89
2181,20200605,26,4,4,5,78.0,91,2975.71
2182,20200605,26,7,4,5,215.9,175,10148.43
2183,20200605,26,7,1,5,97.9,117,4475.04
2184,20200605,26,7,3,5,215.7,267,5960.62
2185,20200605,26,5,6,5,458.4,404,19070.96
2186,20200605,26,5,3,5,171.9,156,9176.16
2187,20200607,26,1,5,5,331.1,331,18465.74
2188,20200607,26,1,3,5,280.9,237,11805.34
2189,20200607,26,6,4,5,202.8,286,10204.42
2190,20200607,26,7,6,5,127.5,136,6356.54
2191,20200607,26,7,2,5,224.2,181,12241.18
2192,20200520,28,5,5,5,362.3,389,17236.13
2193,20200520,28,5,2,5,3134.6,4202,184052.64
2194,20200520,28,5,1,5,338.5,333,8525.2
2195,20200520,28,4,6,5,799.9,1035,22236.35
2196,20200520,28,7,4,5,1266.6,1792,28259.82
2197,20200520,28,2,1,5,763.5,676,27655.31
2198,20200520,28,2,4,5,704.9,982,17865.08
2199,20200520,28,2,6,5,522.2,575,10527.89
2200,20200522,28,6,1,5,1202.6,1145,27597.33
2201,20200522,28,7,6,5,1852.7,1720,28620.35
2202,20200524,28,3,5,5,200.0,220,5104.81
2203,20200524,28,3,2,5,608.5,791,32698.22
2204,20200524,28,1,1,5,386.9,571,11747.66
2205,20200524,28,1,6,5,56.8,78,2759.85
2206,20200524,28,1,5,5,465.8,572,16697.32
2207,20200526,28,5,2,5,1810.0,2141,103922.96
2208,20200526,28,7,3,5,802.6,806,17530.94
2209,20200526,28,7,4,5,472.2,512,8035.3
2210,20200526,28,2,1,5,380.0,557,10476.99
2211,20200526,28,2,5,5,845.6,831,31373.36
2212,20200528,28,2,2,5,1362.8,1368,69963.46
2213,20200528,28,2,3,5,1808.6,2122,53008.12
2214,20200528,28,2,1,5,392.8,528,19483.31
2215,20200528,28,3,3,5,1189.6,1472,25788.69
2216,20200528,28,7,4,5,192.9,168,10463.85
2217,20200528,28,1,6,5,27.0,28,1502.4
2218,20200530,28,5,5,5,510.6,578,29054.22
2219,20200530,28,2,2,5,113.2,127,2556.86
2220,20200530,28,4,6,5,49.7,60,2804.88
2221,20200601,28,4,1,5,265.8,363,7207.62
2222,20200601,28,2,2,5,251.9,211,14444.71
2223,20200601,28,1,6,5,1038.1,1398,23352.56
2224,20200601,28,7,5,5,519.5,559,27749.77
2225,20200601,28,7,3,5,333.9,297,17640.16
2226,20200601,28,7,4,5,883.1,1112,31772.7
2227,20200603,28,7,6,5,64.7,77,2118.34
2228,20200603,28,4,5,5,572.2,620,23360.64
2229,20200603,28,4,4,5,44.0,51,794.0
2230,20200603,28,2,2,5,146.4,207,7171.5
2231,20200603,28,2,6,5,303.1,446,7897.79
2232,20200603,28,5,6,5,190.4,210,5931.66
2233,20200603,28,5,1,5,559.8,605,19225.24
2234,20200603,28,5,2,5,252.6,210,11077.69
2235,20200605,28,4,4,5,180.0,169,7070.14
2236,20200605,28,4,1,5,143.6,158,7320.76
2237,20200605,28,5,2,5,56.6,52,2730.09
2238,20200605,28,5,6,5,150.8,168,8039.84
2239,20200605,28,5,1,5,277.2,327,13236.9
2240,20200605,28,1,1,5,120.9,161,5761.63
2241,20200605,28,1,5,5,316.5,342,11468.67
2242,20200605,28,1,3,5,248.4,351,6768.86
2243,20200605,28,3,5,5,248.4,229,11144.78
2244,20200605,28,3,2,5,141.9,195,6890.43
2245,20200605,28,3,4,5,215.9,307,6442.94
2246,20200607,28,6,1,5,134.1,151,3639.84
2247,20200607,28,2,6,5,272.3,364,14414.73
2248,20200607,28,3,4,5,214.5,247,9258.67
2249,20200607,28,3,2,5,64.9,95,2332.23
2250,20200607,28,1,6,5,301.8,397,13520.98
2251,20200520,30,2,4,5,1034.8,1058,35646.3
2252,20200520,30,4,2,5,1718.8,2255,88572.32
2253,20200520,30,4,3,5,460.0,587,16000.99
2254,20200520,30,4,5,5,861.5,865,39810.18
2255,20200520,30,3,3,5,1043.8,965,19524.9
2256,20200522,30,1,1,5,376.3,387,20497.87
2257,20200522,30,1,3,5,185.2,153,4515.52
2258,20200522,30,1,2,5,444.6,590,9955.68
2259,20200522,30,6,4,5,566.5,599,25592.92
2260,20200524,30,4,3,5,352.6,420,17486.43
2261,20200524,30,2,2,5,338.7,429,11925.92
2262,20200524,30,2,5,5,804.0,1104,13663.13
2263,20200524,30,2,6,5,1195.4,1434,56741.01
2264,20200524,30,3,5,5,1709.3,1587,29786.69
2265,20200524,30,3,2,5,796.8,1021,23646.42
2266,20200524,30,3,1,5,417.5,539,13177.61
2267,20200526,30,7,5,5,633.4,875,33803.3
2268,20200526,30,5,4,5,546.5,733,27494.64
2269,20200526,30,5,3,5,167.8,156,6972.18
2270,20200526,30,4,6,5,270.1,351,7694.18
2271,20200528,30,6,4,5,1045.1,944,30486.54
2272,20200528,30,6,5,5,80.4,69,2257.04
2273,20200528,30,2,5,5,1046.2,909,42088.16
2274,20200528,30,7,5,5,391.2,331,17686.09
2275,20200530,30,4,4,5,298.4,412,5803.91
2276,20200530,30,1,5,5,274.8,278,9172.51
2277,20200530,30,1,1,5,195.6,167,11202.89
2278,20200530,30,1,4,5,1023.0,1186,19473.34
2279,20200601,30,4,2,5,368.8,335,12409.1
2280,20200601,30,4,1,5,713.0,905,15477.02
2281,20200601,30,7,1,5,464.9,385,22025.32
2282,20200601,30,7,4,5,294.9,349,5044.26
2283,20200601,30,7,2,5,142.7,196,2985.53
2284,20200601,30,1,3,5,285.2,320,14988.9
2285,20200601,30,6,2,5,540.2,454,31381.4
2286,20200601,30,6,1,5,425.9,396,9660.67
2287,20200603,30,4,2,5,127.5,139,5668.13
2288,20200603,30,4,4,5,680.1,680,21322.67
2289,20200603,30,6,6,5,224.7,253,5528.79
2290,20200603,30,6,5,5,103.5,132,5184.24
2291,20200603,30,6,1,5,313.9,307,9046.73
2292,20200605,30,4,3,5,56.1,71,2808.33
2293,20200605,30,2,4,5,216.4,228,7453.23
2294,20200605,30,2,1,5,232.6,219,7510.31
2295,20200605,30,2,5,5,152.8,187,5511.23
2296,20200605,30,7,6,5,253.9,354,12390.07
2297,20200605,30,7,3,5,270.1,396,7290.27
2298,20200607,30,1,5,5,246.4,356,4395.99
2299,20200607,30,1,6,5,128.5,115,4841.29
2300,20200607,30,1,2,5,84.0,77,4819.61
2301,20200607,30,3,1,5,132.8,137,7010.99
2302,20200607,30,3,5,5,405.3,592,9854.88
2303,20200607,30,3,3,5,319.6,441,13264.6
2304,20200607,30,4,1,5,379.8,361,22129.5
2305,20200607,30,4,5,5,405.2,431,19973.01
2306,20200607,30,4,3,5,128.8,169,2889.2
2307,20200607,30,6,1,5,168.7,161,6005.5
2308,20220515,48,4,2,6,655.6,674,22934.8
2309,20220515,48,2,4,6,4923.1,4032,231162.61
2310,20220515,48,2,5,6,1505.3,1745,61942.92
2311,20220515,48,5,1,6,1248.8,1375,70890.05
2312,20220515,48,5,5,6,1146.1,1070,30914.84
2313,20220515,48,1,1,6,4938.7,5307,199586.63
2314,20220515,48,1,6,6,462.1,395,7439.18
2315,20220517,48,6,5,6,1330.4,1784,62839.11
2316,20220517,48,3,6,6,1497.1,2091,41459.25
2317,20220517,48,3,5,6,1470.1,1593,28540.88
2318,20220517,48,4,2,6,3389.5,3040,102836.95
2319,20220519,48,7,5,6,1128.6,938,31779.35
2320,20220519,48,7,4,6,1455.7,1510,29938.12
2321,20220519,48,4,3,6,892.6,825,33922.94
2322,20220521,48,3,1,6,736.2,1069,43559.81
2323,20220521,48,4,2,6,1046.2,1014,57628.99
2324,20220521,48,5,3,6,3286.4,3592,146389.36
2325,20220521,48,5,4,6,1394.5,1491,43357.76
2326,20220521,48,6,6,6,544.0,741,29930.98
2327,20220523,48,3,6,6,2132.9,2723,97491.18
2328,20220523,48,3,2,6,2636.1,3373,88591.7
2329,20220523,48,3,1,6,581.2,765,28104.33
2330,20220523,48,4,3,6,353.5,419,17877.26
2331,20220523,48,2,1,6,2862.9,2979,155616.02
2332,20220523,48,2,5,6,1657.7,2197,45893.79
2333,20220523,48,6,3,6,943.6,1366,38429.94
2334,20220523,48,6,5,6,459.7,610,19244.34
2335,20220523,48,6,4,6,5269.3,7460,184478.38
2336,20220525,48,4,5,6,1575.9,1337,76481.3
2337,20220525,48,4,6,6,2726.6,2851,55457.72
2338,20220525,48,3,3,6,1229.4,1751,38814.26
2339,20220525,48,7,5,6,1189.4,1020,49478.38
2340,20220525,48,1,2,6,2160.9,2416,107788.77
2341,20220527,48,4,2,6,1517.1,1810,27850.71
2342,20220527,48,4,1,6,507.5,580,24765.07
2343,20220527,48,6,3,6,874.9,752,42075.29
2344,20220527,48,6,4,6,4192.0,3810,93858.59
2345,20220527,48,2,3,6,2116.9,2167,76860.16
2346,20220527,48,2,1,6,2940.5,2472,116356.48
2347,20220527,48,2,6,6,3241.8,4858,100941.54
2348,20220529,48,5,2,6,1218.1,1484,21175.51
2349,20220529,48,5,6,6,2670.1,2174,84608.88
2350,20220529,48,5,1,6,805.4,807,40966.4
2351,20220529,48,6,2,6,2195.2,2947,84773.15
2352,20220529,48,6,5,6,2733.5,2741,63629.45
2353,20220529,48,6,3,6,891.3,1141,39540.7
2354,20220529,48,1,6,6,686.7,793,22876.55
2355,20220529,48,1,3,6,1282.9,1199,26895.61
2356,20220531,48,6,5,6,373.8,532,14534.9
2357,20220531,48,7,3,6,961.8,1233,55610.95
2358,20220531,48,7,2,6,528.6,601,24370.03
2359,20220531,48,7,1,6,1747.1,2051,80035.04
2360,20220531,48,3,5,6,3047.6,3442,179142.98
2361,20220602,48,3,2,6,1226.6,984,39410.75
2362,20220602,48,3,1,6,4051.3,3595,91852.65
2363,20220602,48,4,2,6,3308.0,4656,149936.54
2364,20220602,48,6,2,6,2768.2,3044,128209.9
2365,20220602,48,6,6,6,4102.2,3335,237558.63
2366,20220602,48,6,1,6,935.3,1352,18070.46
2367,20220604,48,4,1,6,2183.3,2443,73051.53
2368,20220604,48,1,3,6,972.8,823,16463.19
2369,20220604,48,1,6,6,2827.8,3684,68340.89
2370,20220604,48,6,3,6,3296.9,4023,151060.91
2371,20220604,48,6,2,6,2770.1,2868,118731.53
2372,20220604,48,6,4,6,1281.1,1441,23610.45
2373,20220606,48,5,6,6,1685.7,1736,34496.16
2374,20220606,48,3,2,6,1159.4,1013,18658.42
2375,20220606,48,2,6,6,1279.2,1843,31142.58
2376,20220606,48,6,6,6,210.0,232,5692.53
2377,20220608,48,3,2,6,1561.8,1387,27157.01
2378,20220608,48,2,4,6,2061.2,2323,77054.9
2379,20220610,48,7,4,6,2603.1,2798,97580.01
2380,20220610,48,7,1,6,3989.4,4246,134081.04
2381,20220610,48,1,1,6,1472.6,1731,52131.38
2382,20220610,48,6,6,6,1522.3,1973,89350.86
2383,20220610,48,5,5,6,1905.9,2810,42154.02
2384,20220610,48,5,1,6,1291.1,1410,31686.11
2385,20220610,48,5,4,6,712.1,893,20781.24
2386,20220612,48,3,3,6,889.6,943,29138.74
2387,20220612,48,1,1,6,1737.7,2317,54633.75
2388,20220612,48,1,6,6,1305.6,1518,38656.35
2389,20220612,48,1,5,6,3675.0,3179,157843.15
2390,20220614,48,2,3,6,4084.9,3474,225488.25
2391,20220614,48,2,1,6,2813.5,2478,106890.14
2392,20220614,48,2,5,6,589.5,805,28711.81
2393,20220614,48,5,6,6,1086.3,1524,33039.16
2394,20220614,48,7,5,6,4918.9,6591,212547.17
2395,20220614,48,7,3,6,814.3,998,30223.98
2396,20220614,48,6,2,6,851.2,869,42472.59
2397,20220614,48,6,5,6,1664.5,1749,85307.77
2398,20220616,48,5,5,6,1009.7,1138,45698.57
2399,20220616,48,2,5,6,491.7,626,25666.09
2400,20220616,48,7,6,6,354.9,419,20837.18
2401,20220616,48,1,3,6,469.5,503,10413.97
2402,20220618,48,7,6,6,665.2,993,26997.94
2403,20220618,48,5,2,6,1430.7,1188,31609.23
2404,20220620,48,7,5,6,1251.8,1010,36014.08
2405,20220620,48,7,2,6,243.8,285,6655.59
2406,20220620,48,7,4,6,576.7,464,30515.34
2407,20220620,48,6,1,6,1108.2,1658,55195.73
2408,20220620,48,6,2,6,1029.0,1083,40707.23
2409,20220620,48,6,3,6,2108.4,1808,65369.21
2410,20220620,48,4,4,6,2552.2,2507,58109.07
2411,20220620,48,4,2,6,705.7,595,40641.7
2412,20220620,48,3,2,6,401.0,525,9134.27
2413,20220620,48,3,4,6,1531.2,2026,62640.3
2414,20220620,48,3,1,6,3962.8,3600,62155.5
2415,20220622,48,1,2,6,528.3,698,14356.06
2416,20220622,48,1,4,6,1110.6,1601,32475.45
2417,20220622,48,1,3,6,707.6,596,13404.71
2418,20220622,48,4,3,6,756.5,775,35400.6
2419,20220622,48,4,5,6,1130.2,985,53051.05
2420,20220622,48,4,1,6,1209.3,1039,63985.26
2421,20220622,48,7,3,6,313.8,449,9493.61
2422,20220624,48,1,5,6,483.7,583,23219.95
2423,20220624,48,1,3,6,937.2,921,52386.88
2424,20220624,48,4,4,6,482.5,476,23613.11
2425,20220624,48,4,2,6,1473.5,1433,69570.02
2426,20220624,48,4,6,6,391.7,411,8831.51
2427,20220624,48,3,4,6,948.9,1305,32844.07
2428,20220624,48,3,2,6,400.8,399,8953.06
2429,20220626,48,7,3,6,207.3,253,8760.44
2430,20220626,48,7,2,6,1089.6,1254,41942.81
2431,20220626,48,7,1,6,1001.1,1284,55695.15
2432,20220626,48,4,4,6,361.3,465,10653.29
2433,20220626,48,4,1,6,1519.0,1800,82185.45
2434,20220626,48,4,6,6,1150.3,1116,21913.63
2435,20220628,48,5,2,6,974.1,1386,35105.89
2436,20220628,48,6,4,6,517.0,737,17661.64
2437,20220628,48,6,5,6,1385.3,1337,79926.32
2438,20220628,48,1,6,6,1995.0,2284,110815.73
2439,20220630,48,1,3,6,954.1,794,27350.64
2440,20220630,48,3,5,6,213.4,198,6529.78
2441,20220702,48,1,4,6,541.6,616,26124.45
2442,20220702,48,1,3,6,269.9,222,5699.16
2443,20220702,48,1,5,6,1101.0,1144,61084.95
2444,20220702,48,2,4,6,160.3,164,4759.67
2445,20220702,48,2,3,6,960.1,1124,31053.56
2446,20220702,48,2,6,6,504.1,442,23990.26
2447,20220702,48,4,5,6,541.5,461,27926.7
2448,20220702,48,4,4,6,152.7,126,3677.3
2449,20220702,48,4,6,6,892.6,1157,25008.18
2450,20220704,48,3,3,6,245.0,352,4155.1
2451,20220704,48,2,4,6,356.7,428,12179.6
2452,20220704,48,2,2,6,382.4,484,13272.86
2453,20220704,48,4,2,6,427.7,565,21293.66
2454,20220704,48,4,1,6,533.6,665,17986.46
2455,20220704,48,4,5,6,1035.9,1133,22670.48
2456,20220704,48,1,1,6,1994.8,2284,44754.74
2457,20220704,48,1,6,6,463.6,626,15567.07
2458,20220704,48,1,4,6,627.8,852,11796.11
2459,20220706,48,1,3,6,1834.0,1735,33044.93
2460,20220706,48,2,5,6,308.7,407,14740.62
2461,20220706,48,2,1,6,1153.4,1404,66466.01
2462,20220706,48,2,6,6,1787.9,2563,31119.29
2463,20220706,48,4,5,6,197.9,176,10826.25
2464,20220706,48,4,4,6,221.6,278,7895.3
2465,20220706,48,4,6,6,1809.5,2192,54093.05
2466,20220706,48,3,3,6,542.3,463,16855.06
2467,20220708,48,4,3,6,579.1,688,24494.77
2468,20220708,48,4,5,6,530.5,682,9644.3
2469,20220708,48,4,1,6,961.3,802,50404.97
2470,20220708,48,7,4,6,158.5,133,2910.93
2471,20220708,48,5,4,6,267.2,273,13683.66
2472,20220708,48,3,3,6,311.4,356,14312.46
2473,20220708,48,3,4,6,1056.6,1014,39323.87
2474,20220710,48,4,5,6,1308.3,1117,22914.84
2475,20220710,48,1,3,6,706.6,659,25187.54
2476,20220710,48,1,2,6,132.7,129,3786.08
2477,20220710,48,1,4,6,668.6,901,21065.22
2478,20220710,48,6,2,6,497.0,555,25506.53
2479,20220710,48,6,3,6,994.8,845,16954.83
2480,20220712,48,4,5,6,352.2,376,7359.89
2481,20220712,48,4,6,6,167.3,212,9375.72
2482,20220712,48,4,4,6,246.9,283,6306.9
2483,20220712,48,7,5,6,242.2,200,4192.78
2484,20220712,48,7,2,6,228.8,285,10281.55
2485,20220712,48,1,1,6,881.3,770,44831.26
2486,20220712,48,1,4,6,263.0,221,8576.64
2487,20220712,48,1,3,6,133.9,133,6726.52
2488,20220712,48,6,5,6,383.8,467,9075.5
2489,20220712,48,6,4,6,212.4,224,10398.67
2490,20220714,48,6,1,6,117.8,158,6942.22
2491,20220714,48,3,1,6,545.7,748,24186.17
2492,20220714,48,3,2,6,265.7,254,4822.88
2493,20220714,48,3,3,6,445.4,458,23260.67
2494,20220714,48,7,6,6,372.0,370,5819.51
2495,20220714,48,7,5,6,240.6,326,13761.88
2496,20220714,48,5,6,6,658.2,805,17060.68
2497,20220716,48,4,3,6,76.8,82,4033.26
2498,20220716,48,4,4,6,411.6,566,12347.71
2499,20220716,48,1,1,6,1318.3,1929,53802.8
2500,20220716,48,1,2,6,139.3,193,7516.53
2501,20220716,48,7,2,6,639.3,562,26758.2
2502,20220718,48,3,1,6,378.5,425,11265.51
2503,20220718,48,3,3,6,827.6,1239,41718.96
2504,20220718,48,5,1,6,274.4,270,8263.67
2505,20220718,48,1,3,6,450.3,431,11195.14
2506,20220718,48,1,1,6,317.1,452,8411.36
2507,20220718,48,1,4,6,819.3,1122,31402.06
2508,20220718,48,6,4,6,292.1,300,6440.88
2509,20220718,48,6,5,6,472.9,405,25047.7
2510,20220718,48,6,6,6,1163.6,1464,19555.22
2511,20220720,48,1,1,6,987.4,938,38699.54
2512,20220720,48,1,3,6,629.4,646,16591.69
2513,20220720,48,1,4,6,605.0,901,25629.5
2514,20220720,48,6,4,6,727.8,776,40349.43
2515,20220720,48,6,3,6,180.4,240,7540.67
2516,20220720,48,6,1,6,153.6,146,6804.88
2517,20220720,48,4,1,6,207.0,216,10167.06
2518,20220720,48,4,2,6,851.4,1009,49916.47
2519,20220722,48,4,5,6,201.1,240,6501.47
2520,20220722,48,5,3,6,340.5,498,13231.78
2521,20220722,48,5,4,6,164.4,200,9345.87
2522,20220722,48,3,4,6,105.4,118,5501.09
2523,20220724,48,7,3,6,246.4,252,14669.71
2524,20220724,48,7,1,6,485.2,561,7333.06
2525,20220724,48,1,5,6,235.2,206,7932.93
2526,20220724,48,1,4,6,288.1,342,11862.83
2527,20220724,48,5,5,6,933.2,947,48503.26
2528,20220724,48,2,1,6,58.8,61,2529.65
2529,20220724,48,2,5,6,559.0,807,22846.93
2530,20220724,48,2,6,6,591.4,653,11999.81
2531,20220726,48,3,2,6,259.6,360,11172.72
2532,20220726,48,3,3,6,180.2,233,6123.37
2533,20220726,48,7,6,6,864.2,1247,35378.8
2534,20220726,48,1,5,6,207.1,270,8771.11
2535,20220726,48,1,3,6,1074.9,1329,26198.38
2536,20220726,48,4,6,6,282.4,385,11798.75
2537,20220726,48,4,5,6,606.3,878,23719.14
2538,20220515,50,7,3,6,1450.4,2004,66280.32
2539,20220515,50,7,5,6,4689.3,6115,209510.41
2540,20220515,50,7,1,6,4089.6,4917,109337.96
2541,20220515,50,2,4,6,4566.4,3732,82054.28
2542,20220515,50,2,5,6,913.2,1347,36376.28
2543,20220517,50,7,1,6,198.4,161,5412.94
2544,20220517,50,7,6,6,1889.1,1773,35761.91
2545,20220517,50,7,2,6,2682.4,3306,46606.31
2546,20220517,50,5,4,6,2249.4,1972,101534.91
2547,20220517,50,5,2,6,2980.8,3924,137696.39
2548,20220517,50,5,1,6,3326.6,4814,76776.18
2549,20220517,50,3,2,6,1420.0,1957,21459.46
2550,20220517,50,3,3,6,2771.6,2726,151918.21
2551,20220517,50,4,5,6,3731.5,3140,195356.3
2552,20220517,50,4,1,6,4115.6,4364,172920.89
2553,20220519,50,2,6,6,441.5,391,23768.31
2554,20220519,50,2,2,6,1624.4,2410,38878.05
2555,20220519,50,2,4,6,1996.2,2438,106353.94
2556,20220519,50,7,4,6,752.2,1022,24635.67
2557,20220519,50,7,6,6,1312.9,1151,70903.46
2558,20220521,50,2,2,6,1256.4,1039,45106.55
2559,20220521,50,2,1,6,2559.1,3587,52247.65
2560,20220521,50,3,3,6,2983.4,4154,139839.29
2561,20220521,50,3,2,6,1933.3,2305,59921.25
2562,20220521,50,7,4,6,4059.7,3979,141328.56
2563,20220521,50,7,5,6,981.0,1369,31537.81
2564,20220521,50,6,1,6,1245.1,1148,42456.49
2565,20220523,50,5,6,6,4232.0,4791,227888.03
2566,20220523,50,5,2,6,4559.5,3708,202167.23
2567,20220523,50,5,1,6,955.6,1147,18231.03
2568,20220523,50,6,2,6,565.9,505,8935.49
2569,20220523,50,6,3,6,2287.7,2868,94405.02
2570,20220525,50,7,4,6,2123.5,2604,84792.98
2571,20220525,50,7,5,6,514.2,733,27389.44
2572,20220525,50,7,3,6,2133.1,1779,112397.26
2573,20220525,50,2,1,6,2524.7,3459,73421.61
2574,20220525,50,1,2,6,4454.7,3837,239513.7
2575,20220525,50,1,5,6,781.3,797,24208.38
2576,20220525,50,4,1,6,705.7,982,28719.36
2577,20220527,50,5,2,6,1474.9,1373,77122.2
2578,20220527,50,4,2,6,1620.6,2254,77642.28
2579,20220527,50,4,6,6,3254.8,2843,88490.27
2580,20220527,50,4,3,6,386.7,368,22923.12
2581,20220527,50,6,6,6,2254.6,1845,129977.51
2582,20220527,50,6,4,6,1088.3,1363,27039.35
2583,20220527,50,7,2,6,1816.2,1563,67244.87
2584,20220527,50,7,4,6,881.7,804,43642.2
2585,20220529,50,5,6,6,2114.0,2934,121341.14
2586,20220529,50,5,2,6,563.6,639,23788.49
2587,20220529,50,2,2,6,2380.6,2828,73344.21
2588,20220529,50,2,4,6,4019.4,5200,208554.7
2589,20220531,50,1,2,6,1239.2,1002,28633.16
2590,20220531,50,1,5,6,477.1,599,13532.32
2591,20220531,50,3,2,6,785.5,1035,21842.65
2592,20220531,50,3,3,6,461.0,535,25503.7
2593,20220602,50,6,4,6,922.7,1294,16077.96
2594,20220602,50,7,3,6,3212.4,4596,92602.17
2595,20220602,50,4,4,6,819.9,1152,41024.58
2596,20220602,50,4,2,6,2914.6,3927,70837.79
2597,20220602,50,4,6,6,1057.6,1211,37267.76
2598,20220602,50,1,4,6,6989.8,6449,346565.85
2599,20220602,50,1,5,6,3250.5,3751,143058.9
2600,20220602,50,1,3,6,1690.5,2344,100620.21
2601,20220604,50,1,1,6,1952.8,2887,77389.06
2602,20220604,50,5,2,6,150.9,144,2976.06
2603,20220604,50,5,4,6,899.9,904,29525.44
2604,20220606,50,5,6,6,1790.8,1985,35184.61
2605,20220606,50,5,1,6,3601.4,3808,56713.88
2606,20220606,50,5,5,6,1700.1,2288,30340.72
2607,20220606,50,6,5,6,1772.9,2071,54934.95
2608,20220606,50,6,6,6,1163.7,1727,69691.21
2609,20220606,50,7,3,6,863.0,905,51219.79
2610,20220606,50,7,4,6,3232.7,3602,50252.93
2611,20220608,50,3,2,6,1612.9,1496,25797.08
2612,20220608,50,3,3,6,1253.3,1808,75003.66
2613,20220608,50,3,6,6,4511.9,5842,152724.64
2614,20220608,50,2,4,6,3016.2,2669,81305.56
2615,20220608,50,2,3,6,821.2,1060,27617.99
2616,20220608,50,2,6,6,1278.8,1407,45960.41
2617,20220608,50,5,1,6,593.7,479,14975.37
2618,20220608,50,1,6,6,859.6,706,36408.95
2619,20220608,50,1,5,6,569.0,852,32718.13
2620,20220610,50,2,1,6,1333.8,1809,41230.74
2621,20220610,50,2,2,6,1044.7,1218,46749.04
2622,20220610,50,3,3,6,895.1,870,26387.26
2623,20220610,50,3,6,6,305.9,453,14129.52
2624,20220610,50,1,3,6,211.0,230,11029.96
2625,20220610,50,1,6,6,293.9,295,14656.41
2626,20220612,50,7,2,6,934.7,786,36290.59
2627,20220612,50,7,3,6,2417.1,1983,102924.03
2628,20220612,50,3,4,6,2363.3,2121,112501.42
2629,20220612,50,3,2,6,534.3,469,23681.07
2630,20220612,50,3,6,6,1474.8,1717,87858.53
2631,20220612,50,5,2,6,4916.9,4332,177850.2
2632,20220612,50,6,1,6,1502.7,1694,29147.32
2633,20220614,50,2,3,6,349.2,299,15956.93
2634,20220614,50,2,2,6,1184.4,1712,51198.59
2635,20220614,50,1,4,6,367.9,406,16358.42
2636,20220614,50,1,6,6,1863.1,2731,32904.72
2637,20220614,50,1,1,6,1482.4,2076,66281.48
2638,20220616,50,1,5,6,832.9,725,15767.79
2639,20220616,50,1,4,6,1168.2,1110,62743.15
2640,20220616,50,1,6,6,3322.6,3402,86196.69
2641,20220616,50,4,1,6,682.5,926,28243.53
2642,20220616,50,4,2,6,1755.2,2263,61009.94
2643,20220616,50,3,3,6,644.4,933,31415.49
2644,20220618,50,2,2,6,340.5,382,6261.47
2645,20220618,50,3,5,6,850.2,853,14623.41
2646,20220618,50,3,3,6,961.4,1251,52747.79
2647,20220618,50,3,2,6,1887.0,2418,93435.8
2648,20220620,50,1,1,6,903.5,1195,48007.94
2649,20220620,50,1,2,6,223.7,306,11122.51
2650,20220620,50,5,6,6,2268.2,3294,90200.07
2651,20220620,50,5,1,6,360.3,455,14506.26
2652,20220620,50,6,1,6,1192.8,1440,27077.17
2653,20220620,50,6,3,6,1914.3,2444,88949.39
2654,20220620,50,2,6,6,213.3,291,12474.63
2655,20220620,50,2,1,6,670.8,905,37744.12
2656,20220620,50,2,4,6,344.2,509,20459.22
2657,20220622,50,5,1,6,1553.0,2206,37296.42
2658,20220622,50,1,4,6,715.5,867,30173.9
2659,20220622,50,3,6,6,686.3,991,38555.99
2660,20220622,50,3,4,6,286.8,362,9235.93
2661,20220622,50,3,5,6,100.3,104,2566.91
2662,20220624,50,3,6,6,2809.9,3779,89531.68
2663,20220624,50,5,4,6,591.9,476,21584.96
2664,20220624,50,5,3,6,1244.4,1557,69453.16
2665,20220624,50,5,2,6,1910.8,2598,112992.14
2666,20220624,50,1,1,6,1307.9,1389,52897.91
2667,20220624,50,7,3,6,2530.1,2799,147258.45
2668,20220624,50,7,6,6,1603.6,1828,81964.15
2669,20220624,50,7,1,6,394.6,342,15157.18
2670,20220626,50,1,4,6,2034.5,1706,84688.15
2671,20220626,50,5,2,6,880.9,1312,50578.25
2672,20220626,50,5,6,6,914.1,977,37780.21
2673,20220626,50,6,1,6,2537.9,3159,119625.25
2674,20220626,50,6,6,6,2290.9,2093,51149.95
2675,20220626,50,4,2,6,518.3,442,26468.48
2676,20220628,50,7,6,6,641.4,776,15685.63
2677,20220628,50,7,2,6,156.9,226,5369.35
2678,20220628,50,7,1,6,280.0,267,12846.01
2679,20220628,50,4,4,6,3061.3,3038,154612.45
2680,20220628,50,4,6,6,492.8,462,7468.92
2681,20220628,50,3,3,6,351.2,361,11818.72
2682,20220628,50,3,5,6,1640.0,2336,70130.11
2683,20220628,50,3,2,6,644.3,662,16730.56
2684,20220630,50,6,2,6,313.5,358,11922.65
2685,20220630,50,6,4,6,2549.9,3448,86996.89
2686,20220630,50,6,5,6,1111.3,1349,47215.8
2687,20220630,50,1,4,6,491.7,501,8124.36
2688,20220630,50,1,3,6,555.1,476,17701.5
2689,20220630,50,3,5,6,826.0,962,36667.06
2690,20220630,50,3,4,6,487.4,540,24913.19
2691,20220630,50,3,1,6,254.5,377,14105.53
2692,20220702,50,7,4,6,714.8,990,11210.05
2693,20220702,50,3,4,6,617.6,830,30607.35
2694,20220702,50,3,1,6,601.0,691,19775.07
2695,20220702,50,3,5,6,577.4,497,19494.4
2696,20220702,50,5,3,6,149.1,141,3396.65
2697,20220702,50,5,4,6,202.9,292,7689.57
2698,20220702,50,5,2,6,312.5,462,9597.5
2699,20220704,50,6,6,6,395.6,483,19736.41
2700,20220704,50,6,5,6,2235.7,3291,50139.33
2701,20220704,50,6,1,6,315.6,339,15004.89
2702,20220704,50,7,4,6,392.3,422,8110.78
2703,20220704,50,7,6,6,2936.2,3421,70720.13
2704,20220704,50,2,4,6,212.7,215,7873.57
2705,20220704,50,4,2,6,468.6,392,23460.55
2706,20220704,50,4,6,6,157.9,221,3574.98
2707,20220706,50,3,5,6,1243.7,1411,37705.75
2708,20220706,50,3,1,6,817.0,886,28180.06
2709,20220706,50,2,1,6,711.0,913,18588.44
2710,20220706,50,2,6,6,340.3,327,15188.54
2711,20220706,50,2,5,6,311.9,334,13451.44
2712,20220706,50,5,4,6,413.4,367,21750.19
2713,20220706,50,5,6,6,478.7,404,15604.71
2714,20220706,50,5,1,6,827.3,940,24118.32
2715,20220706,50,4,6,6,104.4,137,5699.57
2716,20220706,50,4,5,6,1010.7,987,48915.92
2717,20220708,50,3,5,6,949.5,1179,29233.35
2718,20220708,50,7,1,6,718.5,839,14573.47
2719,20220708,50,5,6,6,655.2,689,15227.21
2720,20220708,50,5,4,6,884.6,1198,20280.65
2721,20220708,50,5,2,6,614.1,610,34701.51
2722,20220710,50,7,1,6,860.7,1039,44714.57
2723,20220710,50,4,6,6,732.0,600,41915.91
2724,20220710,50,4,3,6,488.5,427,8382.92
2725,20220712,50,5,4,6,267.5,286,5301.87
2726,20220712,50,5,5,6,605.3,552,9494.14
2727,20220712,50,5,3,6,548.0,649,24268.66
2728,20220712,50,6,2,6,317.9,463,12568.75
2729,20220712,50,6,6,6,948.6,1378,53995.51
2730,20220712,50,4,1,6,617.6,670,24822.98
2731,20220714,50,5,1,6,702.4,966,37092.29
2732,20220714,50,5,6,6,311.9,407,16677.14
2733,20220714,50,5,4,6,166.0,190,3441.5
2734,20220714,50,3,1,6,296.9,270,14486.88
2735,20220714,50,1,6,6,162.6,162,8241.28
2736,20220714,50,4,4,6,585.8,768,18840.76
2737,20220714,50,4,6,6,722.9,1071,31929.11
2738,20220716,50,6,5,6,255.3,316,5239.61
2739,20220716,50,6,3,6,473.8,618,16381.02
2740,20220716,50,6,4,6,369.5,348,13365.16
2741,20220716,50,5,1,6,751.3,924,28249.41
2742,20220716,50,5,2,6,1206.8,1725,63011.91
2743,20220716,50,4,1,6,282.4,419,16323.05
2744,20220716,50,3,1,6,118.8,108,6670.78
2745,20220718,50,6,2,6,289.0,324,12868.56
2746,20220718,50,2,6,6,690.1,563,14737.31
2747,20220718,50,2,2,6,63.1,55,3551.64
2748,20220720,50,2,3,6,248.3,356,11988.53
2749,20220720,50,4,2,6,326.0,486,9775.67
2750,20220720,50,4,4,6,158.5,213,8943.79
2751,20220720,50,5,1,6,636.3,778,12240.74
2752,20220720,50,5,6,6,797.1,941,13396.12
2753,20220720,50,7,2,6,360.7,504,18651.37
2754,20220722,50,6,4,6,658.5,640,35822.17
2755,20220722,50,4,2,6,339.5,313,19887.4
2756,20220722,50,4,6,6,700.8,654,31348.75
2757,20220722,50,4,3,6,950.1,1033,52317.09
2758,20220722,50,7,4,6,144.3,169,3689.76
2759,20220722,50,7,1,6,482.0,468,21332.24
2760,20220722,50,7,3,6,183.6,248,3424.83
2761,20220722,50,5,1,6,396.2,477,22891.68
2762,20220724,50,7,6,6,689.1,562,39474.24
2763,20220724,50,7,5,6,1238.2,1069,19740.43
2764,20220724,50,6,6,6,405.6,466,11683.09
2765,20220724,50,6,5,6,232.9,270,3696.98
2766,20220724,50,6,3,6,328.2,429,19634.62
2767,20220724,50,4,4,6,347.6,491,14646.97
2768,20220724,50,5,4,6,84.8,121,2169.94
2769,20220724,50,5,5,6,299.5,385,17659.66
2770,20220726,50,6,1,6,175.8,187,9377.92
2771,20220726,50,6,5,6,719.9,872,19705.94
2772,20220726,50,6,6,6,420.4,507,21841.32
2773,20220726,50,5,5,6,533.5,552,31146.23
2774,20220726,50,5,3,6,344.5,411,16972.77
2775,20220726,50,4,1,6,436.0,532,22548.05
2776,20220726,50,4,3,6,140.4,178,3289.03
2777,20220726,50,4,4,6,195.3,210,9921.41
2778,20220726,50,2,1,6,390.7,569,18402.57
2779,20220726,50,2,4,6,305.6,437,13867.31
2780,20220515,54,1,6,6,2031.7,2362,67617.91
2781,20220515,54,1,2,6,2026.2,1879,35519.53
2782,20220515,54,1,1,6,4157.9,4040,206607.32
2783,20220515,54,4,6,6,707.1,689,11940.58
2784,20220515,54,4,5,6,1116.3,1460,35831.97
2785,20220515,54,4,3,6,1123.3,1096,39759.71
2786,20220515,54,7,4,6,3378.5,3586,182491.97
2787,20220515,54,7,5,6,2330.3,1993,81623.17
2788,20220517,54,6,1,6,5398.1,5400,148704.96
2789,20220517,54,6,3,6,4956.6,5203,238588.74
2790,20220517,54,7,5,6,4185.5,6052,143948.36
2791,20220517,54,7,2,6,2931.0,2787,138186.19
2792,20220517,54,7,4,6,4335.8,5847,246523.15
2793,20220517,54,3,6,6,1989.1,2671,35849.34
2794,20220517,54,3,2,6,2703.9,2247,85473.3
2795,20220519,54,5,4,6,5481.5,5196,124929.72
2796,20220519,54,5,2,6,8240.1,9980,457451.61
2797,20220519,54,5,3,6,2105.1,2947,119416.46
2798,20220519,54,7,1,6,7787.5,8009,341440.88
2799,20220519,54,4,3,6,967.8,1430,24624.28
2800,20220519,54,4,4,6,890.7,715,38998.16
2801,20220519,54,4,2,6,898.8,1142,28153.13
2802,20220519,54,3,5,6,3846.0,4077,86215.72
2803,20220519,54,3,3,6,1515.6,1909,57570.33
2804,20220519,54,3,2,6,1137.5,1696,60754.4
2805,20220521,54,5,5,6,435.1,626,13235.13
2806,20220521,54,5,3,6,1916.4,2445,54265.88
2807,20220521,54,7,2,6,1765.8,2122,104300.34
2808,20220521,54,7,1,6,2791.7,2729,92354.67
2809,20220521,54,7,5,6,1587.4,1845,30665.61
2810,20220523,54,5,4,6,5796.7,6647,329759.53
2811,20220523,54,5,5,6,618.7,641,24074.58
2812,20220523,54,5,1,6,642.6,741,27036.5
2813,20220523,54,3,1,6,3847.5,3335,93602.28
2814,20220523,54,3,3,6,2453.3,2436,132774.36
2815,20220523,54,3,5,6,163.4,187,9457.12
2816,20220523,54,2,5,6,4222.6,3436,186114.75
2817,20220523,54,2,3,6,2926.2,2567,104749.73
2818,20220523,54,2,1,6,156.6,215,7699.57
2819,20220523,54,6,6,6,156.6,133,4811.81
2820,20220525,54,4,6,6,3502.8,3914,152230.29
2821,20220525,54,4,1,6,3233.8,2927,115621.64
2822,20220525,54,4,4,6,2484.5,3692,97898.0
2823,20220525,54,3,2,6,1663.2,1553,35553.01
2824,20220525,54,3,5,6,1145.1,1708,51706.77
2825,20220527,54,6,3,6,1489.9,1316,54067.78
2826,20220527,54,6,6,6,2335.5,2618,96834.85
2827,20220527,54,7,6,6,1191.0,1644,30269.73
2828,20220527,54,7,5,6,3546.3,3835,57893.04
2829,20220527,54,7,2,6,994.0,1471,42655.44
2830,20220527,54,5,4,6,1602.3,1298,71146.8
2831,20220527,54,5,5,6,3370.5,4541,155921.72
2832,20220527,54,5,2,6,1543.9,1545,56288.68
2833,20220527,54,2,3,6,1936.4,1606,114258.25
2834,20220529,54,5,2,6,531.0,443,19317.78
2835,20220529,54,2,4,6,829.7,1081,26332.04
2836,20220529,54,2,6,6,1739.3,2237,64577.79
2837,20220529,54,2,1,6,389.1,512,21450.34
2838,20220529,54,3,1,6,2020.8,2947,55870.94
2839,20220529,54,4,2,6,1125.0,1658,24240.5
2840,20220529,54,4,4,6,1176.9,1344,46803.46
2841,20220531,54,4,6,6,346.6,512,17416.93
2842,20220531,54,4,5,6,771.8,965,17854.29
2843,20220531,54,1,5,6,577.6,821,17157.03
2844,20220531,54,1,6,6,165.2,174,5511.58
2845,20220602,54,7,4,6,3295.6,3384,105676.22
2846,20220602,54,7,6,6,2277.0,3341,115671.8
2847,20220602,54,7,5,6,2374.5,3265,89970.66
2848,20220602,54,4,4,6,591.9,533,13792.49
2849,20220602,54,4,2,6,520.4,739,29608.34
2850,20220602,54,4,5,6,3028.5,4334,114435.72
2851,20220602,54,3,2,6,1727.1,1552,49920.0
2852,20220602,54,3,4,6,1303.4,1258,35133.33
2853,20220602,54,3,5,6,1192.2,1150,30715.11
2854,20220602,54,6,6,6,2459.8,3475,74547.66
2855,20220604,54,7,4,6,1826.3,1882,77473.54
2856,20220604,54,7,1,6,3462.9,4469,106084.99
2857,20220604,54,5,2,6,485.7,578,22283.98
2858,20220604,54,5,5,6,2107.8,2031,124094.31
2859,20220604,54,5,3,6,889.3,993,19643.51
2860,20220604,54,1,5,6,415.2,450,19679.35
2861,20220604,54,2,1,6,1470.4,2022,43635.52
2862,20220604,54,2,6,6,3573.4,3629,115703.59
2863,20220606,54,5,2,6,1004.2,1221,30093.97
2864,20220606,54,5,1,6,1947.7,1981,48624.59
2865,20220606,54,5,3,6,3671.9,4263,138813.71
2866,20220606,54,3,3,6,692.6,720,19746.86
2867,20220606,54,3,6,6,1974.9,2693,63258.47
2868,20220606,54,1,4,6,1865.7,1537,97448.5
2869,20220606,54,1,1,6,1643.3,2084,80852.02
2870,20220608,54,2,1,6,1190.7,1336,20348.48
2871,20220608,54,2,3,6,1609.3,1948,46561.93
2872,20220608,54,5,2,6,2383.9,3409,44323.26
2873,20220608,54,5,6,6,1837.2,2535,54178.52
2874,20220610,54,4,1,6,456.2,630,13611.87
2875,20220610,54,1,4,6,439.6,394,15867.38
2876,20220610,54,1,5,6,2163.8,2929,61589.97
2877,20220610,54,6,5,6,2889.4,3166,55169.17
2878,20220610,54,6,4,6,623.0,844,21757.62
2879,20220610,54,3,4,6,316.5,379,9601.94
2880,20220610,54,3,6,6,2264.8,2791,103578.79
2881,20220612,54,7,6,6,2474.2,3484,55184.19
2882,20220612,54,7,4,6,873.9,1066,27894.36
2883,20220612,54,7,5,6,1999.8,2202,90161.61
2884,20220612,54,5,4,6,463.0,567,20632.49
2885,20220612,54,5,2,6,648.9,967,29913.68
2886,20220612,54,5,3,6,996.6,1164,38223.75
2887,20220612,54,2,5,6,826.7,1092,48535.42
2888,20220612,54,6,5,6,366.1,432,14606.25
2889,20220612,54,6,4,6,565.3,733,27123.74
2890,20220612,54,6,6,6,1087.7,1266,33330.66
2891,20220614,54,4,1,6,874.3,848,17039.72
2892,20220614,54,4,4,6,1044.7,864,30164.2
2893,20220614,54,4,3,6,1069.2,1161,29619.19
2894,20220614,54,3,1,6,1994.0,2080,33422.53
2895,20220614,54,3,2,6,627.1,834,24994.1
2896,20220614,54,3,6,6,1788.1,2539,90253.87
2897,20220616,54,6,5,6,2069.3,2101,78253.07
2898,20220616,54,6,1,6,4545.9,5722,161593.3
2899,20220616,54,6,2,6,1078.2,1043,37249.41
2900,20220616,54,7,5,6,1362.9,1304,22970.85
2901,20220616,54,7,6,6,829.7,788,49393.04
2902,20220616,54,7,1,6,154.8,153,8036.03
2903,20220616,54,3,5,6,1293.0,1928,54605.35
2904,20220616,54,3,2,6,2445.5,2288,75881.74
2905,20220616,54,3,4,6,512.1,629,15621.9
2906,20220616,54,1,1,6,423.6,396,24702.5
2907,20220616,54,1,6,6,597.3,859,20476.21
2908,20220616,54,1,2,6,297.3,380,10714.9
2909,20220618,54,3,6,6,597.6,862,35327.01
2910,20220618,54,2,4,6,3399.4,3485,62818.69
2911,20220618,54,2,1,6,328.0,450,5171.38
2912,20220618,54,2,3,6,1945.9,1806,96813.29
2913,20220620,54,5,3,6,1103.6,1031,35325.7
2914,20220620,54,1,2,6,1831.5,1985,71515.42
2915,20220620,54,1,4,6,753.9,662,18355.35
2916,20220620,54,4,5,6,738.7,616,32850.48
2917,20220622,54,4,1,6,715.9,601,26369.04
2918,20220622,54,3,2,6,833.2,1248,32443.64
2919,20220622,54,3,3,6,1322.0,1414,31428.14
2920,20220622,54,3,6,6,17.4,15,504.7
2921,20220622,54,1,3,6,1342.5,1128,29425.56
2922,20220624,54,2,6,6,883.5,1135,15709.63
2923,20220624,54,2,2,6,1340.1,1775,59364.49
2924,20220624,54,3,5,6,601.7,538,18218.13
2925,20220626,54,2,4,6,943.6,1087,55232.86
2926,20220626,54,2,1,6,763.6,947,14158.53
2927,20220626,54,1,2,6,365.7,358,17807.2
2928,20220626,54,1,4,6,969.6,799,31780.62
2929,20220626,54,6,3,6,643.3,564,12594.1
2930,20220626,54,6,4,6,389.1,365,13892.13
2931,20220628,54,1,5,6,1567.5,1749,77762.69
2932,20220628,54,2,2,6,800.2,787,20656.37
2933,20220628,54,2,4,6,2100.3,2593,35903.16
2934,20220628,54,2,5,6,151.1,206,6020.87
2935,20220630,54,3,4,6,1720.7,2143,83797.5
2936,20220630,54,3,5,6,577.4,582,14459.19
2937,20220630,54,1,1,6,134.3,159,7754.54
2938,20220630,54,1,4,6,146.7,181,6141.1
2939,20220702,54,4,1,6,1179.4,1467,40521.12
2940,20220702,54,6,5,6,659.5,689,38547.88
2941,20220702,54,6,6,6,476.5,625,9599.02
2942,20220704,54,1,5,6,865.1,1161,36930.27
2943,20220704,54,1,4,6,112.7,162,3983.63
2944,20220704,54,2,1,6,366.9,476,6205.91
2945,20220704,54,2,5,6,404.1,353,16703.98
2946,20220704,54,5,2,6,340.9,454,10208.92
2947,20220704,54,6,5,6,391.0,339,22319.69
2948,20220704,54,6,2,6,610.7,871,30860.89
2949,20220706,54,5,4,6,399.0,489,15360.61
2950,20220706,54,5,1,6,30.6,38,1743.67
2951,20220706,54,5,5,6,731.7,1024,39383.82
2952,20220706,54,4,5,6,47.5,52,886.58
2953,20220706,54,4,3,6,665.3,995,11431.87
2954,20220708,54,2,5,6,896.6,1074,41996.7
2955,20220708,54,2,3,6,707.4,611,41246.18
2956,20220708,54,1,4,6,1621.8,1359,93859.4
2957,20220708,54,1,3,6,255.2,230,15101.26
2958,20220708,54,1,2,6,422.7,369,17000.37
2959,20220708,54,6,5,6,1483.5,1752,59149.08
2960,20220708,54,6,3,6,655.4,931,26737.65
2961,20220708,54,6,1,6,778.6,714,41732.81
2962,20220708,54,4,6,6,439.4,501,9832.13
2963,20220710,54,5,6,6,573.5,733,16007.3
2964,20220710,54,5,1,6,153.9,165,8969.35
2965,20220710,54,1,6,6,336.0,344,19428.25
2966,20220710,54,3,3,6,259.9,282,6623.46
2967,20220710,54,3,4,6,1623.6,1898,62932.73
2968,20220710,54,3,2,6,248.8,299,14500.82
2969,20220710,54,6,5,6,1043.4,1492,54182.63
2970,20220710,54,6,3,6,1127.1,1651,22330.24
2971,20220710,54,6,6,6,1031.8,1063,35435.46
2972,20220712,54,3,6,6,690.6,1029,28781.82
2973,20220712,54,6,3,6,465.2,434,21969.07
2974,20220712,54,6,2,6,387.8,427,18903.81
2975,20220712,54,4,5,6,228.8,209,6025.82
2976,20220712,54,4,3,6,235.3,288,4187.6
2977,20220712,54,7,6,6,340.8,371,10231.46
2978,20220714,54,6,4,6,43.2,58,963.14
2979,20220714,54,6,1,6,619.6,714,17800.01
2980,20220714,54,6,5,6,486.7,616,24871.86
2981,20220714,54,1,2,6,691.5,809,17051.8
2982,20220714,54,1,4,6,463.6,543,22534.29
2983,20220714,54,1,5,6,1117.2,1235,31350.36
2984,20220716,54,5,1,6,166.1,173,7321.43
2985,20220716,54,5,4,6,558.3,506,18700.94
2986,20220716,54,5,6,6,1287.8,1832,60032.01
2987,20220716,54,1,4,6,418.2,426,9959.14
2988,20220716,54,1,5,6,253.5,317,10782.01
2989,20220716,54,6,4,6,126.5,157,5521.31
2990,20220716,54,6,2,6,618.8,619,30732.78
2991,20220718,54,1,4,6,1217.6,1782,28088.33
2992,20220718,54,7,2,6,207.5,249,4725.38
2993,20220718,54,4,1,6,271.9,354,7143.33
2994,20220718,54,4,3,6,264.1,310,13997.64
2995,20220718,54,4,5,6,628.8,784,10570.66
2996,20220718,54,3,1,6,537.8,698,8657.99
2997,20220720,54,6,3,6,806.9,670,38023.66
2998,20220720,54,6,1,6,449.8,585,18455.35
2999,20220720,54,3,4,6,144.0,162,5598.52
3000,20220720,54,3,5,6,623.7,839,27392.46
3001,20220720,54,2,1,6,729.5,722,11129.23
3002,20220720,54,5,6,6,852.0,943,18398.21
3003,20220722,54,1,4,6,343.3,467,19755.29
3004,20220722,54,1,2,6,327.4,485,10953.56
3005,20220722,54,1,5,6,655.2,894,25571.12
3006,20220722,54,3,6,6,183.4,182,6943.75
3007,20220722,54,3,5,6,587.1,854,30070.47
3008,20220722,54,3,2,6,394.3,532,16656.86
3009,20220722,54,5,5,6,198.0,258,4869.65
3010,20220724,54,6,3,6,222.7,247,4930.46
3011,20220724,54,1,2,6,57.1,64,2372.78
3012,20220724,54,1,5,6,445.9,482,11858.62
3013,20220724,54,1,3,6,296.8,328,6416.48
3014,20220726,54,7,6,6,287.9,290,14657.19
3015,20220726,54,6,5,6,143.9,171,2350.07
3016,20220726,54,6,6,6,261.4,281,4035.41
3017,20220726,54,6,3,6,823.2,855,31966.68
3018,20220515,52,7,2,6,2774.2,4148,136046.13
3019,20220515,52,7,4,6,3379.9,3662,135142.39
3020,20220515,52,1,6,6,2550.2,2358,86661.65
3021,20220515,52,1,4,6,1179.4,1570,62148.18
3022,20220515,52,1,3,6,2034.4,2747,44064.51
3023,20220517,52,5,3,6,823.3,1152,24150.14
3024,20220517,52,5,2,6,4317.8,6052,125225.06
3025,20220517,52,3,4,6,1369.6,1320,26060.1
3026,20220517,52,7,4,6,2191.2,3186,83791.5
3027,20220517,52,6,1,6,1095.3,1209,50566.11
3028,20220519,52,2,2,6,659.8,725,12094.27
3029,20220519,52,2,6,6,1556.5,1950,42649.98
3030,20220519,52,2,4,6,2670.7,2923,155664.92
3031,20220519,52,6,3,6,3584.7,4317,103624.65
3032,20220519,52,6,4,6,225.9,291,5433.81
3033,20220519,52,6,2,6,874.5,1286,36322.26
3034,20220519,52,7,2,6,4017.4,3893,97635.23
3035,20220519,52,7,1,6,1190.7,1669,21152.97
3036,20220519,52,4,1,6,2165.6,2686,53291.11
3037,20220519,52,4,6,6,1463.4,1563,28646.73
3038,20220521,52,1,3,6,5133.2,6395,192546.92
3039,20220521,52,5,2,6,2930.4,3648,134979.12
3040,20220521,52,5,5,6,3347.4,3171,89409.32
3041,20220521,52,7,1,6,5222.6,6954,208272.1
3042,20220521,52,7,6,6,1134.6,1616,22670.79
3043,20220523,52,2,2,6,1278.8,1422,37825.0
3044,20220523,52,3,6,6,2669.4,2274,78310.63
3045,20220523,52,3,2,6,4215.3,4345,158544.15
3046,20220525,52,7,2,6,1099.5,1445,46352.21
3047,20220525,52,5,2,6,266.3,252,7895.16
3048,20220525,52,2,1,6,1359.6,2037,26562.08
3049,20220525,52,2,6,6,1460.5,1289,65935.92
3050,20220527,52,2,3,6,2606.2,2660,49739.56
3051,20220527,52,4,2,6,1873.8,2694,94005.81
3052,20220527,52,4,3,6,1868.9,2083,40622.14
3053,20220527,52,1,6,6,4741.6,4721,82567.9
3054,20220527,52,1,2,6,1893.5,1859,90363.7
3055,20220527,52,3,5,6,654.0,944,27024.71
3056,20220527,52,3,4,6,2550.8,2594,93185.08
3057,20220527,52,3,1,6,2676.7,2698,97230.4
3058,20220529,52,2,2,6,4480.7,5298,162934.85
3059,20220529,52,7,4,6,1192.7,1115,25756.7
3060,20220529,52,7,3,6,1295.5,1674,30736.15
3061,20220529,52,7,5,6,3852.9,4279,131284.9
3062,20220531,52,4,5,6,1875.7,2687,30637.27
3063,20220531,52,4,2,6,1472.6,1265,39532.53
3064,20220531,52,4,3,6,5040.5,7219,288787.98
3065,20220531,52,6,3,6,701.8,980,25740.27
3066,20220531,52,2,1,6,3756.9,5326,169769.99
3067,20220531,52,1,3,6,1186.5,1775,45455.05
3068,20220531,52,1,2,6,799.1,805,47078.88
3069,20220531,52,1,4,6,1122.5,1034,40883.6
3070,20220602,52,6,6,6,746.1,613,34233.72
3071,20220602,52,6,5,6,2101.5,1752,98025.57
3072,20220602,52,1,2,6,2039.1,2268,54408.44
3073,20220604,52,4,5,6,894.2,980,39785.93
3074,20220604,52,4,4,6,677.4,566,21539.65
3075,20220604,52,6,3,6,1332.2,1535,36522.86
3076,20220604,52,5,3,6,2948.9,3792,115411.56
3077,20220604,52,5,5,6,3433.8,2851,175521.21
3078,20220604,52,5,4,6,2037.3,2188,79838.47
3079,20220604,52,3,4,6,515.9,533,15873.42
3080,20220604,52,3,6,6,1719.7,1568,38319.12
3081,20220604,52,3,3,6,2388.3,2606,69314.25
3082,20220606,52,4,2,6,1041.3,869,24829.23
3083,20220606,52,6,4,6,479.5,439,9881.16
3084,20220606,52,5,4,6,1512.8,1735,65662.26
3085,20220606,52,1,3,6,2008.4,2039,89073.96
3086,20220608,52,4,3,6,153.6,189,8194.65
3087,20220608,52,4,5,6,1033.7,1231,19989.28
3088,20220608,52,5,2,6,726.7,1076,16826.94
3089,20220608,52,2,3,6,1372.9,1267,69524.98
3090,20220610,52,5,1,6,2281.3,3235,103427.7
3091,20220610,52,5,4,6,406.7,497,12696.65
3092,20220610,52,5,3,6,793.8,1094,24013.82
3093,20220610,52,3,4,6,245.5,350,6085.39
3094,20220610,52,3,6,6,401.1,568,6646.67
3095,20220610,52,2,4,6,914.3,969,42330.47
3096,20220610,52,2,3,6,2664.8,2172,153626.89
3097,20220612,52,3,2,6,841.1,794,45383.1
3098,20220612,52,7,2,6,398.3,420,17847.7
3099,20220612,52,7,3,6,351.5,357,8448.22
3100,20220612,52,4,1,6,332.3,453,12425.15
3101,20220612,52,4,3,6,3790.0,4138,226529.2
3102,20220612,52,4,6,6,1384.3,1681,75948.01
3103,20220614,52,7,6,6,1825.8,1808,97328.39
3104,20220614,52,7,1,6,1420.2,1841,30745.46
3105,20220614,52,7,3,6,1367.2,1567,63386.76
3106,20220614,52,5,1,6,3052.9,3804,120197.51
3107,20220614,52,6,1,6,1809.0,1797,65494.53
3108,20220616,52,1,2,6,526.0,762,11235.93
3109,20220616,52,1,3,6,592.6,659,27740.68
3110,20220616,52,5,3,6,918.0,1276,35863.75
3111,20220616,52,5,6,6,2908.4,2373,170883.74
3112,20220616,52,2,6,6,1110.4,1082,40923.45
3113,20220618,52,2,3,6,2724.2,3018,106443.2
3114,20220618,52,6,3,6,1191.9,1716,63535.82
3115,20220618,52,6,4,6,587.7,800,24141.28
3116,20220618,52,5,5,6,681.2,655,25104.65
3117,20220618,52,5,1,6,485.5,506,18873.4
3118,20220618,52,3,6,6,1529.2,1875,72932.99
3119,20220618,52,3,5,6,634.9,803,17980.17
3120,20220620,52,7,2,6,1095.1,971,37055.64
3121,20220620,52,4,6,6,2765.9,3956,89600.66
3122,20220620,52,4,2,6,1108.2,916,23887.1
3123,20220620,52,4,4,6,330.7,267,14501.2
3124,20220622,52,5,4,6,258.7,356,12944.26
3125,20220622,52,5,6,6,208.1,189,4900.98
3126,20220622,52,5,3,6,891.6,1331,49125.14
3127,20220622,52,7,3,6,3679.8,4026,205811.21
3128,20220624,52,4,2,6,652.2,565,20734.54
3129,20220624,52,4,4,6,713.2,843,42524.32
3130,20220624,52,6,5,6,521.9,639,24918.27
3131,20220624,52,6,1,6,252.0,244,10820.87
3132,20220626,52,2,6,6,239.3,264,14170.82
3133,20220626,52,2,1,6,889.7,1169,48929.02
3134,20220626,52,5,6,6,1102.9,1234,53612.44
3135,20220626,52,5,3,6,965.5,890,29276.03
3136,20220626,52,7,2,6,280.1,325,14976.7
3137,20220626,52,7,4,6,370.8,513,20305.81
3138,20220628,52,6,3,6,114.3,165,2053.06
3139,20220628,52,6,5,6,310.0,330,17885.49
3140,20220628,52,4,5,6,1735.1,1751,72524.36
3141,20220628,52,5,2,6,573.3,666,32754.86
3142,20220630,52,3,5,6,1093.0,1170,25834.67
3143,20220630,52,3,6,6,1078.1,1586,52415.12
3144,20220630,52,3,4,6,277.1,234,14675.32
3145,20220630,52,5,2,6,341.1,372,17886.94
3146,20220630,52,5,4,6,567.2,731,27777.07
3147,20220702,52,5,4,6,352.4,296,8508.47
3148,20220702,52,4,3,6,43.0,57,673.4
3149,20220704,52,4,1,6,527.1,421,9402.22
3150,20220704,52,6,5,6,1288.8,1531,58682.59
3151,20220704,52,6,2,6,464.3,537,26006.99
3152,20220704,52,6,1,6,189.5,230,3072.36
3153,20220704,52,3,5,6,615.0,559,12996.8
3154,20220704,52,3,4,6,460.3,655,19583.43
3155,20220704,52,3,1,6,110.9,129,2112.0
3156,20220704,52,1,2,6,1423.7,1229,42461.23
3157,20220706,52,4,2,6,484.5,491,10216.09
3158,20220706,52,3,6,6,969.7,1205,37947.92
3159,20220706,52,3,5,6,195.6,190,7524.62
3160,20220708,52,4,5,6,474.5,440,12595.67
3161,20220708,52,4,1,6,361.4,306,11078.2
3162,20220708,52,1,3,6,1797.6,2633,96334.08
3163,20220710,52,4,5,6,285.3,418,7242.18
3164,20220710,52,2,4,6,824.9,1224,16098.64
3165,20220710,52,2,1,6,544.5,808,17467.87
3166,20220710,52,1,2,6,599.8,488,9750.31
3167,20220710,52,1,6,6,511.2,667,10122.21
3168,20220712,52,3,6,6,332.3,447,12841.25
3169,20220712,52,3,4,6,454.5,516,20662.98
3170,20220712,52,3,2,6,650.4,624,19315.92
3171,20220712,52,4,5,6,401.1,460,12410.58
3172,20220712,52,4,3,6,146.7,146,6194.45
3173,20220712,52,4,2,6,438.3,604,24851.55
3174,20220714,52,6,1,6,999.2,839,20599.42
3175,20220714,52,7,4,6,229.2,217,6397.34
3176,20220714,52,4,4,6,106.7,116,2411.81
3177,20220714,52,3,2,6,907.5,876,15968.84
3178,20220714,52,3,5,6,846.6,906,43793.43
3179,20220714,52,3,3,6,527.7,466,19815.3
3180,20220716,52,4,1,6,799.0,670,27380.99
3181,20220716,52,4,3,6,1083.3,1442,58793.8
3182,20220716,52,4,4,6,240.6,209,7099.86
3183,20220716,52,7,6,6,294.2,435,9700.26
3184,20220716,52,7,3,6,227.3,212,11206.35
3185,20220716,52,6,5,6,246.7,369,9503.1
3186,20220716,52,6,2,6,35.1,39,1046.25
3187,20220716,52,1,2,6,585.1,847,16438.11
3188,20220716,52,1,6,6,44.8,41,1054.04
3189,20220718,52,6,2,6,178.0,193,8933.56
3190,20220718,52,6,5,6,166.0,219,7218.83
3191,20220718,52,6,1,6,568.7,749,9983.6
3192,20220718,52,4,6,6,162.2,157,8555.53
3193,20220718,52,4,1,6,703.0,878,35665.79
3194,20220718,52,7,2,6,458.1,640,19623.17
3195,20220718,52,5,6,6,530.8,766,13905.59
3196,20220718,52,5,5,6,390.4,434,16992.2
3197,20220720,52,6,4,6,73.0,89,3796.13
3198,20220720,52,6,5,6,550.1,612,16252.99
3199,20220720,52,1,3,6,163.0,221,4850.43
3200,20220720,52,2,1,6,98.1,126,4878.89
3201,20220722,52,7,3,6,120.8,152,5729.64
3202,20220722,52,3,5,6,227.5,289,10047.53
3203,20220722,52,4,4,6,291.1,399,11781.53
3204,20220722,52,5,1,6,625.4,837,12524.75
3205,20220724,52,6,6,6,83.6,114,3869.9
3206,20220724,52,6,4,6,396.3,498,9945.85
3207,20220724,52,7,4,6,295.7,438,7416.85
3208,20220724,52,4,1,6,38.2,53,1158.9
3209,20220724,52,5,1,6,857.2,1015,23598.72
3210,20220724,52,5,2,6,456.4,624,8263.22
3211,20220726,52,6,4,6,62.0,64,1259.48
3212,20220726,52,6,1,6,223.0,296,5145.77
3213,20220726,52,7,5,6,323.5,354,8936.56
3214,20220726,52,4,2,6,579.7,598,23789.06
3215,20220726,52,4,4,6,616.0,620,28132.68
3216,20220726,52,4,6,6,213.4,254,8968.55
3217,20230514,10,5,3,7,550.7,559,20325.34
3218,20230514,10,2,5,7,820.4,1060,47784.52
3219,20230514,10,2,1,7,570.8,801,19368.26
3220,20230514,10,1,1,7,222.6,182,13069.56
3221,20230514,10,1,5,7,1014.9,878,60871.57
3222,20230514,10,3,2,7,1031.2,1106,46542.49
3223,20230514,10,3,4,7,631.6,721,22055.79
3224,20230514,10,3,5,7,276.3,276,6798.13
3225,20230516,10,7,6,7,190.8,242,9087.65
3226,20230516,10,7,5,7,1138.2,1390,19752.1
3227,20230516,10,7,2,7,297.5,253,14483.55
3228,20230516,10,3,4,7,174.8,196,8232.34
3229,20230516,10,2,5,7,26.4,31,756.4
3230,20230518,10,3,4,7,963.6,1258,38760.07
3231,20230518,10,2,4,7,88.6,98,3286.75
3232,20230518,10,2,2,7,152.8,189,2490.55
3233,20230518,10,2,3,7,687.2,837,40223.12
3234,20230518,10,7,6,7,312.6,262,8075.69
3235,20230520,10,7,5,7,608.2,539,16175.73
3236,20230520,10,7,1,7,535.7,473,20487.99
3237,20230520,10,6,6,7,498.4,507,26181.86
3238,20230520,10,6,5,7,210.4,201,11558.65
3239,20230520,10,1,6,7,367.7,438,13898.77
3240,20230520,10,1,2,7,889.4,1295,52436.83
3241,20230520,10,3,3,7,647.9,821,36909.52
3242,20230520,10,3,4,7,790.3,1132,41402.3
3243,20230522,10,7,6,7,276.6,252,8305.75
3244,20230522,10,3,6,7,181.8,217,7667.17
3245,20230524,10,6,2,7,522.8,660,26340.47
3246,20230524,10,7,6,7,687.5,651,38970.53
3247,20230524,10,7,4,7,382.7,486,13788.02
3248,20230526,10,7,5,7,517.1,578,18352.68
3249,20230526,10,6,3,7,26.5,32,1539.1
3250,20230526,10,6,4,7,477.1,591,8655.86
3251,20230526,10,2,4,7,342.3,412,11229.86
3252,20230526,10,2,3,7,313.9,464,6793.92
3253,20230526,10,2,6,7,681.7,862,19596.83
3254,20230528,10,1,6,7,404.6,542,15603.58
3255,20230528,10,1,2,7,140.3,165,5026.64
3256,20230528,10,5,5,7,56.8,75,2592.58
3257,20230528,10,5,4,7,233.3,233,4351.55
3258,20230528,10,5,1,7,132.8,113,5219.12
3259,20230528,10,3,3,7,252.1,363,8901.63
3260,20230530,10,7,2,7,150.5,220,3620.9
3261,20230530,10,7,5,7,296.7,318,14786.79
3262,20230530,10,7,6,7,166.9,181,2943.1
3263,20230530,10,1,6,7,74.2,85,1150.76
3264,20230530,10,1,4,7,321.2,389,15350.18
3265,20230530,10,3,2,7,222.7,181,7992.44
3266,20230530,10,3,6,7,126.2,158,3779.41
3267,20230530,10,4,6,7,264.8,390,6551.06
3268,20230601,10,6,3,7,640.7,532,9998.57
3269,20230601,10,7,5,7,152.8,130,7818.72
3270,20230601,10,7,1,7,110.0,112,3598.81
3271,20230601,10,7,2,7,147.0,158,5487.88
3272,20230603,10,4,1,7,96.3,79,4433.67
3273,20230603,10,6,4,7,43.4,41,963.63
3274,20230603,10,6,2,7,124.2,134,2528.44
3275,20230603,10,2,1,7,75.8,92,2379.34
3276,20230605,10,6,6,7,128.5,130,2077.04
3277,20230605,10,3,4,7,33.3,42,1981.66
3278,20230605,10,3,2,7,87.0,125,1620.4
3279,20230605,10,3,1,7,71.0,76,3656.98
3280,20230605,10,5,2,7,62.0,53,2597.54
3281,20230605,10,4,4,7,101.3,86,4044.42
3282,20230605,10,4,3,7,42.8,55,1990.13
3283,20230607,10,5,6,7,195.0,167,3876.38
3284,20230607,10,5,4,7,137.3,202,7855.46
3285,20230607,10,2,6,7,110.7,159,6135.48
3286,20230607,10,2,4,7,149.9,133,3153.96
3287,20230607,10,4,1,7,189.2,166,10668.72
3288,20230607,10,4,6,7,30.8,35,658.99
3289,20230607,10,1,1,7,211.2,219,9809.96
3290,20230514,8,2,1,7,695.4,599,31119.9
3291,20230514,8,1,5,7,1173.6,1183,51937.64
3292,20230514,8,5,3,7,788.9,1005,13928.98
3293,20230514,8,5,5,7,952.3,1191,51586.69
3294,20230514,8,3,4,7,347.7,404,20544.65
3295,20230516,8,1,3,7,830.2,1188,23500.4
3296,20230516,8,1,5,7,1309.0,1227,26086.13
3297,20230516,8,1,4,7,889.9,817,44937.26
3298,20230516,8,2,5,7,297.8,345,9319.67
3299,20230516,8,3,6,7,331.7,335,15653.22
3300,20230516,8,3,3,7,816.0,760,16344.72
3301,20230516,8,7,3,7,1081.1,1502,63805.69
3302,20230516,8,7,5,7,1012.2,1218,15426.52
3303,20230516,8,7,2,7,263.9,350,13585.36
3304,20230518,8,1,2,7,1218.0,1009,36580.84
3305,20230518,8,6,3,7,968.1,1168,49366.92
3306,20230518,8,7,2,7,620.9,762,23736.87
3307,20230518,8,2,5,7,328.0,291,17015.33
3308,20230518,8,2,2,7,589.6,615,34881.14
3309,20230518,8,2,3,7,495.0,582,25678.55
3310,20230520,8,2,1,7,18.7,19,565.61
3311,20230520,8,2,5,7,71.7,62,2403.02
3312,20230520,8,6,3,7,280.4,398,6925.1
3313,20230520,8,6,4,7,172.0,208,7427.23
3314,20230520,8,5,2,7,502.5,522,12346.65
3315,20230520,8,5,4,7,559.3,793,12133.98
3316,20230520,8,5,5,7,420.8,439,13502.51
3317,20230522,8,3,6,7,1076.2,1222,41478.77
3318,20230522,8,3,2,7,271.1,274,8287.74
3319,20230522,8,6,2,7,1140.3,1484,29173.99
3320,20230522,8,6,1,7,1148.6,934,54245.26
3321,20230522,8,6,3,7,430.1,475,19819.0
3322,20230524,8,6,6,7,202.6,193,8659.08
3323,20230524,8,6,5,7,229.6,267,9873.76
3324,20230524,8,6,2,7,632.8,894,24397.44
3325,20230524,8,7,2,7,986.7,1463,28944.96
3326,20230524,8,7,3,7,210.8,171,11556.07
3327,20230524,8,2,4,7,184.5,188,8514.38
3328,20230524,8,2,1,7,466.3,614,26248.6
3329,20230524,8,3,2,7,191.2,251,7467.74
3330,20230524,8,3,1,7,135.9,188,7914.73
3331,20230524,8,3,3,7,80.9,78,3761.55
3332,20230526,8,5,5,7,181.4,156,7237.25
3333,20230526,8,5,4,7,100.3,130,5285.55
3334,20230526,8,5,1,7,519.9,688,14858.86
3335,20230526,8,1,6,7,163.0,134,4520.75
3336,20230526,8,1,1,7,170.4,213,3120.01
3337,20230528,8,3,3,7,345.5,377,16264.93
3338,20230528,8,7,1,7,40.5,40,866.97
3339,20230528,8,2,2,7,332.8,277,8601.56
3340,20230528,8,2,4,7,175.0,232,4948.68
3341,20230530,8,7,5,7,376.3,368,12203.6
3342,20230530,8,1,3,7,187.7,217,3422.76
3343,20230530,8,1,5,7,109.8,142,1934.06
3344,20230530,8,1,4,7,168.7,245,6943.77
3345,20230601,8,5,5,7,96.0,124,3059.69
3346,20230601,8,5,3,7,113.9,95,3106.17
3347,20230601,8,5,6,7,100.1,94,4577.0
3348,20230601,8,3,1,7,228.9,329,4034.97
3349,20230601,8,3,6,7,275.0,299,8734.09
3350,20230601,8,3,2,7,42.3,48,2401.05
3351,20230603,8,7,6,7,84.8,70,3966.73
3352,20230603,8,7,5,7,47.2,61,2447.17
3353,20230603,8,4,5,7,56.6,58,1639.79
3354,20230603,8,4,4,7,95.9,106,5635.57
3355,20230603,8,4,6,7,121.5,111,5759.71
3356,20230603,8,2,2,7,31.3,37,512.28
3357,20230603,8,2,3,7,109.8,136,2358.92
3358,20230603,8,2,1,7,232.2,324,3770.2
3359,20230605,8,5,4,7,15.6,13,604.73
3360,20230605,8,6,6,7,27.4,37,495.2
3361,20230605,8,6,3,7,297.0,245,4640.64
3362,20230605,8,6,1,7,35.7,49,797.33
3363,20230605,8,2,6,7,63.7,81,1891.26
3364,20230605,8,2,3,7,9.1,13,369.76
3365,20230605,8,2,2,7,311.8,429,5796.34
3366,20230605,8,7,5,7,69.3,97,2685.98
3367,20230605,8,7,4,7,74.1,66,3824.28
3368,20230605,8,7,6,7,393.1,409,9827.11
3369,20230607,8,4,5,7,90.0,115,2810.95
3370,20230607,8,4,3,7,113.7,125,5939.42
3371,20230607,8,3,4,7,60.3,64,1342.07
3372,20230607,8,3,5,7,125.0,156,4266.02
3373,20240821,14,2,3,8,971.5,1189,46788.3
3374,20240821,14,3,2,8,1730.6,2581,74539.19
3375,20240821,14,3,4,8,2279.0,1988,69262.28
3376,20240821,14,3,6,8,1997.5,2298,46736.07
3377,20240823,14,6,2,8,1599.5,1938,60440.2
3378,20240823,14,6,6,8,652.2,531,27690.09
3379,20240823,14,6,5,8,3710.7,5357,162826.94
3380,20240823,14,1,1,8,405.8,329,12056.75
3381,20240823,14,5,4,8,1022.4,1285,39845.34
3382,20240825,14,3,4,8,2439.7,2375,57658.17
3383,20240825,14,2,5,8,1167.7,1713,49150.15
3384,20240827,14,1,4,8,2226.9,1790,93417.93
3385,20240827,14,1,5,8,1788.9,2029,31814.89
3386,20240827,14,7,6,8,253.4,242,7592.82
3387,20240827,14,7,2,8,1183.7,1202,69890.23
3388,20240829,14,3,1,8,1696.9,2534,52633.23
3389,20240829,14,3,5,8,2561.8,3769,108590.04
3390,20240829,14,4,6,8,2500.9,2594,63123.23
3391,20240829,14,4,1,8,617.1,495,33713.34
3392,20240831,14,1,3,8,965.1,1147,57598.54
3393,20240831,14,1,4,8,1205.0,1048,41842.03
3394,20240831,14,3,3,8,241.0,264,7021.91
3395,20240831,14,6,2,8,2181.2,1809,55742.0
3396,20240902,14,1,6,8,1953.4,2894,90248.97
3397,20240902,14,1,3,8,1907.1,2134,54106.79
3398,20240902,14,1,2,8,956.6,1318,29997.84
3399,20240902,14,7,4,8,716.4,807,31525.18
3400,20240902,14,7,3,8,703.0,754,33208.31
3401,20240904,14,1,3,8,2912.7,2854,99534.88
3402,20240904,14,1,6,8,1522.5,1328,54365.27
3403,20240904,14,4,1,8,2565.0,3129,132196.01
3404,20240904,14,4,6,8,1867.7,2734,60263.08
3405,20240904,14,2,1,8,2538.1,3667,94212.41
3406,20240904,14,2,5,8,687.4,832,16388.46
3407,20240904,14,2,2,8,3404.4,4803,64243.81
3408,20240904,14,3,3,8,1420.5,1551,47241.54
3409,20240904,14,3,6,8,976.7,783,54137.55
3410,20240906,14,7,6,8,929.3,1281,18453.01
3411,20240906,14,5,2,8,319.6,419,14838.29
3412,20240906,14,5,5,8,1023.9,1152,45210.23
3413,20240906,14,6,1,8,3504.1,2976,62803.49
3414,20240906,14,6,6,8,2497.7,2315,89980.78
3415,20240906,14,3,6,8,650.9,727,36679.89
3416,20240908,14,5,6,8,2282.5,2452,110346.77
3417,20240908,14,1,1,8,364.3,441,7979.87
3418,20240908,14,1,6,8,1238.3,1088,69716.2
3419,20240908,14,6,5,8,508.0,449,12253.7
3420,20240908,14,6,3,8,1166.6,1709,36975.83
3421,20240908,14,6,6,8,3061.0,3035,78831.45
3422,20240908,14,2,4,8,164.0,208,8196.47
3423,20240908,14,2,2,8,1175.9,1109,23771.39
3424,20240908,14,2,5,8,310.1,362,9211.75
3425,20240910,14,2,5,8,1293.1,1318,76347.56
3426,20240910,14,2,3,8,5822.0,6686,213987.39
3427,20240910,14,7,3,8,1500.2,1485,86380.03
3428,20240910,14,7,6,8,780.5,1092,32311.53
3429,20240910,14,7,4,8,965.2,1318,50234.45
3430,20240912,14,6,4,8,309.8,372,9756.58
3431,20240912,14,6,5,8,1214.2,1395,51116.5
3432,20240912,14,1,1,8,493.0,583,29176.11
3433,20240912,14,1,2,8,1625.1,1770,69454.46
3434,20240912,14,1,3,8,839.3,1037,30887.26
3435,20240912,14,4,2,8,467.0,636,12745.6
3436,20240912,14,4,3,8,1409.3,1167,35879.15
3437,20240912,14,4,1,8,2309.4,3169,94381.48
3438,20240912,14,7,1,8,3888.8,4864,112126.49
3439,20240912,14,7,2,8,695.8,898,20768.87
3440,20240912,14,7,4,8,1003.3,857,46635.65
3441,20240914,14,6,2,8,2291.3,3128,101972.69
3442,20240914,14,5,5,8,1847.0,1789,91046.58
3443,20240914,14,5,4,8,697.1,573,27487.51
3444,20240914,14,7,4,8,574.4,554,10592.68
3445,20240914,14,7,6,8,1759.2,2438,59423.61
3446,20240914,14,7,3,8,1088.0,1484,37053.95
3447,20240916,14,2,5,8,2304.5,2005,100554.52
3448,20240916,14,1,5,8,1378.4,1685,47550.04
3449,20240918,14,1,2,8,1035.2,905,21781.13
3450,20240918,14,1,3,8,1189.4,1641,22163.85
3451,20240918,14,5,3,8,1337.4,1882,70546.37
3452,20240918,14,5,5,8,2048.1,2842,79638.91
3453,20240918,14,5,1,8,450.6,385,18722.96
3454,20240918,14,4,2,8,3136.0,4524,157915.46
3455,20240918,14,3,5,8,1637.5,2256,33558.25
3456,20240920,14,3,2,8,1404.9,1959,71562.7
3457,20240920,14,3,3,8,933.7,948,31040.6
3458,20240920,14,3,6,8,378.6,505,10834.38
3459,20240920,14,1,1,8,847.3,974,32404.37
3460,20240920,14,1,2,8,847.2,924,37233.18
3461,20240922,14,5,6,8,202.7,184,7597.48
3462,20240922,14,1,6,8,546.5,557,13420.44
3463,20240922,14,1,5,8,1744.8,1857,68644.15
3464,20240924,14,3,6,8,694.8,1024,36346.94
3465,20240924,14,3,2,8,337.0,274,17695.66
3466,20240924,14,1,5,8,178.8,240,8762.92
3467,20240924,14,1,3,8,700.3,667,33474.45
3468,20240924,14,5,1,8,1512.3,1956,88839.83
3469,20240924,14,5,6,8,204.4,176,4203.21
3470,20240926,14,2,3,8,92.9,105,3419.11
3471,20240926,14,6,5,8,334.4,352,10331.06
3472,20240926,14,3,5,8,930.1,837,22870.62
3473,20240926,14,3,1,8,892.4,895,40232.43
3474,20240926,14,3,4,8,374.1,395,14126.02
3475,20240928,14,3,2,8,660.5,941,15622.92
3476,20240928,14,3,3,8,553.5,505,11218.85
3477,20240928,14,6,2,8,249.8,252,14959.07
3478,20240928,14,6,5,8,129.7,125,4829.23
3479,20240928,14,5,4,8,325.3,363,16533.0
3480,20240928,14,5,2,8,537.1,554,12421.57
3481,20240928,14,5,6,8,422.2,436,16914.17
3482,20240928,14,2,6,8,371.4,363,19571.04
3483,20240930,14,4,4,8,256.8,246,13926.04
3484,20240930,14,3,4,8,622.1,767,23368.99
3485,20240930,14,2,2,8,671.9,642,26932.12
3486,20240930,14,7,5,8,467.0,490,21613.32
3487,20241002,14,6,3,8,692.8,879,30501.83
3488,20241002,14,2,2,8,242.3,201,8734.46
3489,20241002,14,3,6,8,266.6,280,13380.46
3490,20241002,14,3,5,8,491.6,587,27113.62
3491,20241004,14,1,4,8,439.4,649,20784.93
3492,20241004,14,2,4,8,476.2,474,20853.66
3493,20241006,14,4,1,8,470.7,525,15161.05
3494,20241006,14,4,5,8,328.4,345,14724.86
3495,20241006,14,4,6,8,432.0,625,8455.34
3496,20241006,14,1,4,8,604.4,553,22755.33
3497,20241006,14,1,1,8,194.8,161,5478.36
3498,20241006,14,5,1,8,392.9,391,17193.83
3499,20241006,14,2,1,8,914.6,1261,41564.83
3500,20241006,14,2,2,8,665.9,642,29807.77
3501,20241006,14,2,5,8,350.2,362,10668.81
3502,20241008,14,3,5,8,76.7,96,2671.84
3503,20241008,14,3,1,8,189.1,199,5248.67
3504,20241008,14,3,6,8,307.1,363,15299.87
3505,20241008,14,2,5,8,265.0,387,13841.15
3506,20241010,14,7,4,8,927.7,1211,38972.04
3507,20241010,14,3,4,8,1071.8,1377,37493.87
3508,20241010,14,3,2,8,554.3,769,27920.72
3509,20241010,14,3,3,8,553.5,613,26968.15
3510,20241010,14,1,4,8,280.5,306,12773.43
3511,20241010,14,1,2,8,62.6,59,2893.96
3512,20241010,14,2,1,8,484.3,573,16005.17
3513,20240821,12,7,2,8,5199.1,7124,78751.76
3514,20240821,12,7,5,8,4163.7,4014,163839.52
3515,20240821,12,2,2,8,556.2,785,9607.39
3516,20240821,12,2,6,8,556.1,502,32777.19
3517,20240821,12,3,1,8,1436.8,2089,34822.92
3518,20240823,12,2,1,8,2047.9,2472,60071.32
3519,20240823,12,2,4,8,2635.0,2919,89647.49
3520,20240823,12,2,3,8,3869.0,5598,221426.68
3521,20240823,12,1,6,8,2919.1,2365,99623.0
3522,20240823,12,7,6,8,362.2,461,15240.18
3523,20240823,12,4,1,8,2801.2,3975,127731.7
3524,20240823,12,4,4,8,4479.7,5052,101260.48
3525,20240823,12,4,2,8,676.4,701,14734.09
3526,20240825,12,2,1,8,4362.5,3565,221076.12
3527,20240825,12,3,1,8,3587.1,3733,133641.89
3528,20240827,12,5,2,8,2161.4,2103,102468.54
3529,20240827,12,4,6,8,2126.5,2020,84253.54
3530,20240827,12,4,2,8,1205.7,1626,64718.81
3531,20240829,12,5,6,8,1725.5,1898,91519.21
3532,20240829,12,5,3,8,2316.8,2174,78401.18
3533,20240829,12,6,6,8,4380.9,4545,167365.26
3534,20240829,12,6,1,8,2130.3,2421,103465.92
3535,20240829,12,3,1,8,1046.4,1101,38057.68
3536,20240829,12,3,2,8,3502.1,4959,202884.49
3537,20240829,12,4,6,8,2290.5,3041,87207.38
3538,20240831,12,5,2,8,2509.9,3025,112094.52
3539,20240831,12,5,1,8,1011.8,1327,24789.7
3540,20240831,12,5,4,8,1962.7,2859,101278.51
3541,20240831,12,2,6,8,1443.5,1507,41420.32
3542,20240831,12,2,4,8,658.5,877,19126.71
3543,20240902,12,6,2,8,4740.2,5433,140064.11
3544,20240902,12,6,4,8,2620.0,2623,80778.07
3545,20240902,12,6,6,8,1198.1,1415,25920.46
3546,20240902,12,3,1,8,887.4,787,52383.57
3547,20240902,12,3,5,8,2208.5,3037,109517.64
3548,20240902,12,5,2,8,2511.5,3202,67715.63
3549,20240902,12,5,6,8,2077.2,3053,115423.83
3550,20240902,12,7,5,8,1108.2,981,21516.45
3551,20240902,12,7,1,8,659.0,984,26756.99
3552,20240904,12,4,5,8,844.0,1240,35018.75
3553,20240904,12,4,6,8,5358.4,6135,319756.13
3554,20240904,12,4,1,8,3392.4,3049,184413.12
3555,20240904,12,2,4,8,234.4,237,7600.32
3556,20240904,12,2,6,8,863.9,1290,26513.12
3557,20240904,12,2,3,8,2721.5,2452,133743.6
3558,20240906,12,6,3,8,876.3,919,16077.03
3559,20240906,12,4,4,8,723.7,1014,24303.28
3560,20240906,12,4,2,8,3517.0,4095,133523.33
3561,20240906,12,4,3,8,2911.6,3762,89098.07
3562,20240906,12,7,1,8,412.0,433,16197.41
3563,20240906,12,2,3,8,576.9,799,10552.0
3564,20240908,12,7,2,8,3746.7,4101,191103.85
3565,20240908,12,7,5,8,3587.5,5058,198515.92
3566,20240908,12,3,1,8,2671.8,3119,156301.63
3567,20240908,12,1,5,8,1907.6,1731,53292.32
3568,20240908,12,2,3,8,394.8,429,21022.44
3569,20240910,12,5,1,8,1531.4,1560,27052.26
3570,20240910,12,5,2,8,1056.7,1133,46271.28
3571,20240910,12,5,3,8,196.7,163,7407.52
3572,20240910,12,2,5,8,637.9,560,29735.69
3573,20240912,12,1,3,8,2587.0,3557,71899.17
3574,20240912,12,5,3,8,1173.4,1694,36590.99
3575,20240912,12,4,3,8,179.1,258,4789.44
3576,20240912,12,7,4,8,669.3,628,25311.98
3577,20240912,12,7,5,8,1780.9,2083,36606.04
3578,20240914,12,3,3,8,1305.0,1571,24097.03
3579,20240914,12,3,2,8,199.8,287,7587.08
3580,20240914,12,3,1,8,1352.2,1720,64179.74
3581,20240914,12,4,4,8,1161.8,1403,61456.76
3582,20240914,12,4,5,8,1494.2,1637,64315.2
3583,20240916,12,5,5,8,701.2,972,25737.08
3584,20240916,12,2,4,8,914.7,1370,19769.83
3585,20240916,12,2,5,8,1721.9,1544,90828.48
3586,20240918,12,3,6,8,1310.7,1117,27758.81
3587,20240918,12,2,1,8,920.8,1070,20796.66
3588,20240918,12,2,6,8,948.6,1339,48680.95
3589,20240920,12,2,5,8,291.8,236,5002.57
3590,20240920,12,2,6,8,849.9,884,17884.03
3591,20240920,12,2,3,8,764.1,957,14945.42
3592,20240920,12,7,2,8,2683.2,3413,138807.75
3593,20240920,12,7,3,8,545.5,671,29136.01
3594,20240920,12,6,3,8,628.4,862,15470.51
3595,20240920,12,6,5,8,1350.0,1101,76217.22
3596,20240920,12,5,1,8,1915.0,2861,48334.24
3597,20240920,12,5,4,8,1055.2,882,60485.44
3598,20240922,12,2,1,8,2331.9,3292,104752.76
3599,20240922,12,2,2,8,454.1,589,22157.21
3600,20240922,12,2,4,8,584.1,719,33942.96
3601,20240922,12,5,1,8,388.3,517,15109.18
3602,20240924,12,7,1,8,903.8,801,34188.58
3603,20240924,12,7,4,8,177.1,181,7602.39
3604,20240924,12,7,6,8,876.0,1258,25073.01
3605,20240924,12,3,3,8,1026.8,1162,56924.36
3606,20240924,12,3,2,8,631.6,800,30462.61
3607,20240926,12,2,3,8,552.6,637,8568.77
3608,20240926,12,2,6,8,254.0,352,5006.49
3609,20240926,12,2,1,8,185.3,171,6234.64
3610,20240926,12,1,2,8,753.5,789,34423.3
3611,20240926,12,3,4,8,401.9,429,12848.68
3612,20240926,12,3,3,8,767.0,763,19861.8
3613,20240926,12,3,6,8,410.7,428,15896.02
3614,20240928,12,7,5,8,907.7,927,51972.72
3615,20240928,12,4,1,8,178.3,192,5741.81
3616,20240928,12,4,3,8,242.5,340,12008.29
3617,20240928,12,2,4,8,257.7,288,9753.67
3618,20240928,12,2,6,8,365.7,419,6428.67
3619,20240930,12,6,5,8,346.6,341,10924.35
3620,20240930,12,6,3,8,174.1,171,3141.39
3621,20240930,12,6,6,8,321.4,273,14995.11
3622,20240930,12,2,6,8,83.4,79,2124.34
3623,20240930,12,4,5,8,156.2,216,2450.28
3624,20240930,12,4,4,8,101.3,131,2119.42
3625,20240930,12,3,6,8,641.0,796,25609.4
3626,20240930,12,3,1,8,229.0,300,13737.24
3627,20241002,12,6,1,8,835.7,1245,17864.65
3628,20241002,12,1,4,8,172.5,234,5231.89
3629,20241002,12,1,2,8,235.4,278,8461.24
3630,20241002,12,2,4,8,308.5,299,8525.88
3631,20241002,12,2,1,8,412.8,590,16936.49
3632,20241002,12,2,2,8,824.2,1136,27864.72
3633,20241002,12,7,4,8,582.6,608,15191.82
3634,20241002,12,7,1,8,191.5,242,7870.58
3635,20241004,12,4,1,8,159.1,165,7897.41
3636,20241004,12,4,6,8,426.5,498,12608.91
3637,20241004,12,7,6,8,143.1,203,6928.35
3638,20241004,12,5,4,8,230.8,255,13237.1
3639,20241006,12,2,3,8,183.5,269,10396.79
3640,20241006,12,4,5,8,641.6,597,21149.2
3641,20241006,12,4,4,8,314.7,379,16719.53
3642,20241006,12,3,6,8,194.7,203,10013.46
3643,20241008,12,4,5,8,354.9,455,5672.67
3644,20241008,12,1,4,8,357.4,301,6672.18
3645,20241008,12,3,6,8,380.4,455,16479.72
3646,20241008,12,7,3,8,345.5,300,8549.27
3647,20241010,12,1,4,8,322.2,447,8528.06
3648,20241010,12,1,6,8,160.5,155,6949.5
3649,20241010,12,5,1,8,292.7,313,15674.16
3650,20241010,12,4,1,8,204.1,253,3893.33
3651,20241010,12,7,4,8,518.8,509,18687.62
3652,20241010,12,7,3,8,230.4,227,13329.19
3653,20241010,12,7,5,8,510.1,415,16856.37
3654,20240821,16,7,3,8,1056.2,1416,32049.55
3655,20240821,16,7,5,8,1356.4,1401,79244.3
3656,20240821,16,7,1,8,5163.4,4203,299909.36
3657,20240821,16,6,1,8,1177.2,1195,50723.39
3658,20240821,16,4,6,8,2492.3,2475,87368.51
3659,20240823,16,5,4,8,153.1,223,3284.25
3660,20240823,16,4,5,8,2108.5,1800,75530.42
3661,20240823,16,4,6,8,2814.7,2949,81482.29
3662,20240823,16,4,1,8,5186.6,6369,116952.27
3663,20240825,16,4,3,8,2276.9,2620,132800.29
3664,20240825,16,4,4,8,4411.8,4145,155194.38
3665,20240825,16,4,2,8,551.2,688,30031.82
3666,20240825,16,5,4,8,2568.9,3545,82255.83
3667,20240825,16,6,4,8,2181.9,3185,77748.04
3668,20240825,16,6,1,8,1432.9,1687,70336.72
3669,20240825,16,6,2,8,1687.4,2274,37312.1
3670,20240825,16,1,1,8,1396.3,1526,27456.61
3671,20240825,16,1,3,8,4141.1,4566,241190.67
3672,20240827,16,4,3,8,1324.0,1607,64153.92
3673,20240827,16,6,5,8,2834.1,2384,110632.35
3674,20240827,16,7,3,8,3146.6,2724,48905.23
3675,20240827,16,7,6,8,2471.2,3603,122316.77
3676,20240829,16,7,4,8,2839.9,4119,104105.66
3677,20240829,16,4,1,8,2673.5,3612,58537.46
3678,20240829,16,2,2,8,3408.9,3361,176691.59
3679,20240831,16,7,3,8,1450.3,1999,42155.45
3680,20240831,16,7,2,8,3675.3,4181,206247.81
3681,20240831,16,5,4,8,924.0,1151,48558.13
3682,20240831,16,5,2,8,3343.1,3669,68703.76
3683,20240831,16,5,6,8,1209.8,1658,71565.59
3684,20240831,16,6,5,8,2052.9,2540,60302.68
3685,20240902,16,4,6,8,503.5,469,19382.08
3686,20240902,16,1,6,8,1717.6,2100,51072.03
3687,20240902,16,1,2,8,1239.0,1542,25117.04
3688,20240902,16,5,3,8,2875.5,3408,159409.62
3689,20240902,16,5,5,8,1163.0,947,52660.82
3690,20240902,16,7,4,8,945.8,1184,23477.47
3691,20240904,16,1,5,8,982.1,836,18636.5
3692,20240904,16,6,6,8,318.8,343,8994.23
3693,20240906,16,7,2,8,498.8,469,23150.34
3694,20240906,16,7,1,8,727.3,1064,13849.14
3695,20240906,16,4,1,8,1929.8,1782,50844.18
3696,20240906,16,3,1,8,1529.1,1556,62545.37
3697,20240906,16,3,5,8,1181.1,1446,70077.76
3698,20240906,16,2,1,8,968.5,1063,30576.47
3699,20240908,16,6,6,8,1103.9,1635,63048.75
3700,20240908,16,5,2,8,1724.2,1401,83941.08
3701,20240908,16,5,4,8,445.2,519,21594.37
3702,20240908,16,5,3,8,243.4,354,5783.95
3703,20240908,16,1,2,8,1368.7,2008,67781.71
3704,20240908,16,4,2,8,737.1,1094,41553.73
3705,20240908,16,4,3,8,1391.9,1544,82529.45
3706,20240908,16,4,6,8,383.6,475,9297.95
3707,20240910,16,7,1,8,2993.2,3218,172960.75
3708,20240910,16,7,3,8,1246.7,1497,31154.89
3709,20240910,16,7,6,8,2894.7,2811,129661.46
3710,20240910,16,2,6,8,806.7,658,32018.19
3711,20240910,16,4,6,8,1101.0,1392,52673.19
3712,20240910,16,3,1,8,3434.3,3380,144375.81
3713,20240910,16,3,6,8,1648.3,1580,71095.42
3714,20240910,16,3,4,8,727.4,623,14490.2
3715,20240912,16,1,2,8,956.8,1146,36194.32
3716,20240912,16,1,1,8,797.7,1067,47280.84
3717,20240912,16,7,4,8,493.5,396,24637.65
3718,20240912,16,2,2,8,1003.9,1338,57430.36
3719,20240912,16,2,4,8,273.7,313,6210.23
3720,20240912,16,3,4,8,631.8,668,18663.33
3721,20240914,16,4,6,8,3697.7,4790,202384.81
3722,20240914,16,4,1,8,113.7,105,5596.63
3723,20240914,16,1,6,8,265.8,395,7478.0
3724,20240916,16,4,2,8,1405.1,1299,72860.01
3725,20240916,16,3,1,8,437.2,622,9765.2
3726,20240916,16,3,2,8,901.5,1002,44105.14
3727,20240916,16,7,5,8,818.4,850,35436.15
3728,20240916,16,7,6,8,257.8,334,10863.19
3729,20240916,16,7,1,8,1311.7,1289,78452.96
3730,20240918,16,3,5,8,1017.1,1326,48442.86
3731,20240918,16,3,6,8,311.1,393,7273.91
3732,20240918,16,7,1,8,1381.7,1581,44764.73
3733,20240918,16,7,2,8,1003.1,1196,57895.45
3734,20240918,16,7,3,8,755.3,1110,14944.75
3735,20240920,16,2,5,8,525.1,734,14291.62
3736,20240920,16,5,5,8,1439.3,1882,28005.18
3737,20240922,16,7,2,8,473.7,470,19375.26
3738,20240922,16,2,3,8,849.3,839,28178.06
3739,20240922,16,6,2,8,599.3,566,25369.31
3740,20240922,16,3,6,8,1860.9,1702,47853.7
3741,20240924,16,2,1,8,208.5,186,8526.85
3742,20240924,16,3,6,8,1325.6,1688,64113.54
3743,20240924,16,3,5,8,122.7,119,6825.93
3744,20240924,16,6,3,8,945.9,1083,55283.67
3745,20240924,16,6,4,8,73.4,86,3942.96
3746,20240924,16,6,5,8,901.0,1102,29466.96
3747,20240924,16,4,5,8,1398.9,1585,63828.64
3748,20240924,16,4,4,8,1009.9,1367,16166.09
3749,20240926,16,3,6,8,397.4,569,22262.4
3750,20240926,16,2,3,8,1158.7,1096,55458.54
3751,20240926,16,2,4,8,737.4,990,29364.0
3752,20240926,16,2,1,8,238.9,309,7702.6
3753,20240928,16,7,6,8,1335.3,1787,65220.42
3754,20240928,16,5,4,8,767.4,1149,27389.05
3755,20240928,16,5,6,8,893.3,1000,52358.57
3756,20240928,16,3,5,8,742.6,768,27386.78
3757,20240928,16,3,3,8,192.6,191,8588.62
3758,20240928,16,2,5,8,216.9,293,10885.73
3759,20240928,16,2,1,8,21.0,21,774.04
3760,20240930,16,4,6,8,398.6,373,17626.69
3761,20240930,16,4,1,8,769.2,994,35335.06
3762,20240930,16,7,2,8,571.8,501,29485.05
3763,20240930,16,7,1,8,223.2,209,11136.29
3764,20240930,16,2,3,8,123.9,138,2704.14
3765,20240930,16,2,5,8,871.1,1175,22470.72
3766,20240930,16,2,4,8,744.4,975,43614.08
3767,20240930,16,3,5,8,316.8,280,7171.16
3768,20240930,16,3,6,8,342.3,373,19055.02
3769,20241002,16,4,3,8,426.9,566,21556.35
3770,20241002,16,1,2,8,415.2,480,23650.56
3771,20241002,16,1,3,8,253.8,304,13113.7
3772,20241002,16,6,1,8,333.9,412,8730.4
3773,20241004,16,6,2,8,788.8,872,19082.54
3774,20241004,16,6,3,8,85.8,71,2661.28
3775,20241004,16,3,1,8,611.6,872,10903.85
3776,20241006,16,6,4,8,435.6,586,24223.47
3777,20241006,16,1,3,8,554.5,689,18901.83
3778,20241006,16,1,2,8,297.2,351,9218.16
3779,20241006,16,1,1,8,546.6,525,32047.64
3780,20241006,16,3,3,8,827.8,776,40373.51
3781,20241006,16,3,5,8,1701.7,1776,97949.2
3782,20241008,16,5,5,8,889.9,808,53096.14
3783,20241008,16,2,6,8,760.2,900,24617.32
3784,20241008,16,2,5,8,124.8,137,5152.72
3785,20241010,16,1,3,8,910.0,983,20155.22
3786,20241010,16,1,2,8,64.4,76,1514.75
3787,20241010,16,5,1,8,510.5,580,28702.24
3788,20241010,16,4,4,8,378.1,338,14987.1
3789,20241010,16,4,1,8,546.1,574,18879.39
3790,20241010,16,6,4,8,210.2,210,10665.15
3791,20241010,16,6,1,8,218.0,202,12875.47
3792,20240821,8,4,1,8,2521.2,3541,130325.88
3793,20240821,8,1,2,8,1616.9,2096,46315.57
3794,20240821,8,1,4,8,1498.6,1525,74474.89
3795,20240821,8,1,5,8,431.3,458,19399.38
3796,20240823,8,4,2,8,453.9,369,15775.8
3797,20240823,8,4,5,8,434.8,432,18334.17
3798,20240823,8,1,5,8,1573.3,1861,69398.76
3799,20240823,8,1,3,8,1490.4,1487,49370.65
3800,20240823,8,1,6,8,2896.0,2326,154652.9
3801,20240825,8,4,2,8,1267.2,1194,70165.82
3802,20240825,8,6,4,8,2122.5,2183,119484.86
3803,20240825,8,6,6,8,5062.7,6422,276428.44
3804,20240825,8,2,5,8,959.8,1118,45731.11
3805,20240825,8,2,2,8,853.4,718,17368.7
3806,20240825,8,2,4,8,6125.4,5404,209327.61
3807,20240825,8,1,1,8,2475.9,2656,94108.78
3808,20240827,8,4,6,8,971.2,1141,58056.68
3809,20240827,8,4,1,8,1135.3,1675,36610.23
3810,20240827,8,4,2,8,1614.5,1450,73629.2
3811,20240827,8,2,1,8,972.8,1035,14904.01
3812,20240827,8,2,6,8,861.0,826,39390.62
3813,20240827,8,3,1,8,2230.1,2397,63360.84
3814,20240829,8,2,6,8,1123.7,978,41031.31
3815,20240829,8,2,5,8,2673.2,3691,60268.96
3816,20240829,8,3,3,8,1179.0,1110,23131.25
3817,20240829,8,3,6,8,1937.1,2174,62710.06
3818,20240829,8,1,5,8,1561.4,1611,86307.28
3819,20240831,8,3,2,8,838.3,849,16103.87
3820,20240831,8,4,5,8,381.0,384,19804.92
3821,20240831,8,4,4,8,1980.0,2808,67864.07
3822,20240902,8,3,1,8,843.7,1257,19361.69
3823,20240902,8,3,6,8,4485.6,6576,237621.77
3824,20240902,8,1,4,8,4382.4,6494,155881.62
3825,20240902,8,1,6,8,1640.5,1530,60282.03
3826,20240902,8,1,2,8,1086.1,999,57771.23
3827,20240902,8,4,2,8,537.4,794,15104.8
3828,20240902,8,4,4,8,1158.5,1243,59820.15
3829,20240902,8,7,5,8,741.1,1045,41709.13
3830,20240904,8,5,4,8,3790.3,3755,212495.84
3831,20240904,8,5,1,8,736.4,602,34520.24
3832,20240904,8,5,5,8,1881.5,2544,42829.77
3833,20240904,8,7,2,8,473.6,602,9135.58
3834,20240904,8,7,1,8,1850.2,2339,67440.11
3835,20240904,8,7,6,8,600.8,555,23711.75
3836,20240904,8,4,1,8,2603.1,3227,44902.73
3837,20240906,8,5,1,8,1536.7,1420,35338.89
3838,20240906,8,3,1,8,3933.0,5549,141318.78
3839,20240906,8,3,3,8,760.8,888,32109.07
3840,20240906,8,3,2,8,2432.0,2930,69306.96
3841,20240908,8,6,1,8,1113.8,970,26164.78
3842,20240908,8,6,2,8,762.0,1127,29359.92
3843,20240908,8,7,6,8,1713.6,1755,89202.5
3844,20240908,8,7,3,8,2851.2,3281,143257.41
3845,20240908,8,7,4,8,551.5,640,25311.16
3846,20240908,8,4,2,8,764.9,962,28453.22
3847,20240908,8,5,3,8,608.5,692,33260.31
3848,20240910,8,3,1,8,512.7,649,28326.86
3849,20240910,8,3,6,8,2393.7,2777,48700.54
3850,20240910,8,3,2,8,2160.2,2729,119969.95
3851,20240910,8,6,6,8,394.2,375,19197.7
3852,20240910,8,6,5,8,1922.2,2794,74434.59
3853,20240910,8,6,4,8,983.3,1096,29186.07
3854,20240910,8,5,3,8,1431.7,1628,27154.16
3855,20240910,8,5,2,8,178.0,202,9245.46
3856,20240910,8,5,5,8,715.1,1028,35205.27
3857,20240910,8,7,6,8,2145.5,2770,34115.7
3858,20240910,8,7,1,8,1136.8,1676,62776.83
3859,20240912,8,2,2,8,706.5,596,20924.82
3860,20240912,8,2,1,8,789.6,950,27327.8
3861,20240912,8,3,4,8,1129.7,1012,28298.47
3862,20240912,8,3,6,8,1716.4,2213,40377.21
3863,20240912,8,3,3,8,1719.9,1599,98707.02
3864,20240914,8,2,2,8,1058.5,1155,28622.39
3865,20240914,8,3,1,8,698.2,646,14957.56
3866,20240914,8,3,5,8,909.4,790,52823.32
3867,20240914,8,3,3,8,884.6,1134,16406.25
3868,20240916,8,5,4,8,572.2,767,33046.09
3869,20240916,8,1,1,8,542.5,711,13394.23
3870,20240916,8,4,5,8,1121.9,1664,58221.9
3871,20240918,8,3,1,8,2089.8,3132,57642.95
3872,20240918,8,2,3,8,1349.8,1346,27054.31
3873,20240918,8,5,3,8,104.2,124,4105.64
3874,20240918,8,5,4,8,1537.8,1704,79258.48
3875,20240918,8,5,5,8,514.2,721,22882.92
3876,20240918,8,6,3,8,115.0,161,6030.94
3877,20240918,8,6,5,8,695.4,789,33482.16
3878,20240918,8,6,6,8,2361.8,3361,83740.07
3879,20240920,8,4,3,8,822.9,746,29828.56
3880,20240920,8,3,6,8,330.5,403,17674.89
3881,20240920,8,3,3,8,406.5,513,21010.43
3882,20240920,8,6,6,8,1916.0,2859,99557.64
3883,20240920,8,6,5,8,53.8,65,2330.66
3884,20240920,8,6,4,8,965.4,1062,38726.39
3885,20240920,8,7,3,8,1070.8,1040,17346.53
3886,20240922,8,5,2,8,1064.6,1018,54262.07
3887,20240922,8,5,6,8,574.4,743,33247.51
3888,20240922,8,6,4,8,1209.3,1015,31644.31
3889,20240922,8,6,1,8,756.1,768,40393.38
3890,20240922,8,1,5,8,444.6,666,6677.0
3891,20240922,8,2,6,8,523.1,704,9088.72
3892,20240922,8,2,4,8,393.9,329,10388.22
3893,20240922,8,2,3,8,930.7,1015,47583.02
3894,20240924,8,6,4,8,575.6,567,25639.9
3895,20240924,8,1,1,8,248.8,336,11299.5
3896,20240924,8,1,3,8,479.2,683,16047.72
3897,20240924,8,1,4,8,887.9,1027,40513.67
3898,20240926,8,2,5,8,657.2,823,17474.86
3899,20240926,8,2,4,8,139.5,169,7518.96
3900,20240926,8,3,3,8,417.8,391,14918.94
3901,20240926,8,3,2,8,223.0,259,11560.75
3902,20240926,8,6,5,8,775.3,809,34778.53
3903,20240926,8,5,6,8,401.8,589,11222.44
3904,20240926,8,5,3,8,354.4,382,19627.68
3905,20240926,8,5,1,8,589.0,878,27354.72
3906,20240928,8,7,3,8,245.3,266,7561.54
3907,20240928,8,7,1,8,1234.2,1347,58318.27
3908,20240928,8,4,4,8,739.7,1068,34530.16
3909,20240928,8,5,2,8,675.3,598,24889.53
3910,20240928,8,5,4,8,1798.1,2164,79218.21
3911,20240928,8,5,6,8,296.9,261,6506.28
3912,20240930,8,3,4,8,404.7,421,11387.77
3913,20240930,8,3,3,8,443.0,408,24970.08
3914,20240930,8,5,3,8,262.5,252,9676.6
3915,20240930,8,6,4,8,39.6,34,1334.09
3916,20240930,8,2,2,8,245.3,276,13187.51
3917,20241002,8,7,4,8,296.3,273,5443.61
3918,20241002,8,5,1,8,315.7,301,9867.12
3919,20241002,8,5,4,8,263.0,215,15382.05
3920,20241002,8,1,6,8,302.7,389,15578.86
3921,20241002,8,1,1,8,710.1,688,42366.17
3922,20241004,8,3,3,8,174.8,166,8757.64
3923,20241004,8,3,5,8,569.2,837,20685.38
3924,20241004,8,2,5,8,158.7,172,3938.26
3925,20241004,8,2,2,8,1401.3,1677,47277.64
3926,20241004,8,2,1,8,427.3,626,16020.5
3927,20241006,8,3,1,8,659.8,904,11584.7
3928,20241006,8,3,3,8,183.3,158,3453.24
3929,20241006,8,3,2,8,129.3,150,3657.95
3930,20241006,8,2,4,8,1017.6,1258,51879.04
3931,20241006,8,6,2,8,143.4,154,5139.66
3932,20241006,8,6,4,8,509.5,535,21673.19
3933,20241006,8,4,4,8,192.4,234,6414.16
3934,20241006,8,4,1,8,299.5,411,4892.58
3935,20241008,8,3,5,8,689.0,750,37892.07
3936,20241008,8,5,6,8,222.5,212,11809.99
3937,20241008,8,5,3,8,321.4,277,8601.35
3938,20241008,8,7,2,8,439.8,508,15613.56
3939,20241008,8,7,6,8,698.3,898,39597.51
3940,20241008,8,7,3,8,426.5,591,19794.34
3941,20241010,8,4,3,8,382.9,368,17374.15
3942,20241010,8,5,1,8,1626.9,1745,51412.02
3943,20241010,8,5,3,8,214.6,201,4266.06
